Product Code,Program Code,Doses Per Month,Is Active,Product Category, Full Supply, Display Order
08S01,MMIA,1,TRUE,11,TRUE,14
08S01B,MMIA,1,TRUE,11,TRUE,27
08S01ZZ,MMIA,1,TRUE,11,TRUE,24
08S13,MMIA,1,TRUE,11,TRUE,16
08S15,MMIA,1,TRUE,11,TRUE,17
08S17,MMIA,1,TRUE,11,TRUE,29
08S18Y,MMIA,1,TRUE,11,TRUE,7
08S18Z,MMIA,1,TRUE,11,TRUE,11
08S19,MMIA,1,TRUE,11,TRUE,26
08S20,MMIA,1,TRUE,11,TRUE,25
08S21,MMIA,1,TRUE,11,TRUE,13
08S22,MMIA,1,TRUE,11,TRUE,15
08S23,MMIA,1,TRUE,11,TRUE,28
08S32,MMIA,1,TRUE,11,TRUE,10
08S32Z,MMIA,1,TRUE,11,TRUE,19
08S34B,MMIA,1,TRUE,11,TRUE,18
08S38,ESS_MEDS,1,TRUE,11,TRUE,0
08S39B,MMIA,1,TRUE,11,TRUE,22
08S39Y,MMIA,1,TRUE,11,TRUE,23
08S39Z,MMIA,1,TRUE,11,TRUE,12
08S40,MMIA,1,TRUE,11,TRUE,8
08S40Z,MMIA,1,TRUE,11,TRUE,21
08S42,MMIA,1,TRUE,11,TRUE,6
08S42B,MMIA,1,TRUE,11,TRUE,20
01A01,ESS_MEDS,1,TRUE,11,TRUE,0
01A02,ESS_MEDS,1,TRUE,11,TRUE,0
01A03,ESS_MEDS,1,TRUE,11,TRUE,0
01A03Z,ESS_MEDS,1,TRUE,11,TRUE,0
01A04,ESS_MEDS,1,TRUE,11,TRUE,0
01A04Z,ESS_MEDS,1,TRUE,11,TRUE,0
01A05,ESS_MEDS,1,TRUE,11,TRUE,0
01A0ZZ,ESS_MEDS,1,TRUE,11,TRUE,0
01B01,ESS_MEDS,1,TRUE,11,TRUE,0
01B02,ESS_MEDS,1,TRUE,11,TRUE,0
01B03,ESS_MEDS,1,TRUE,11,TRUE,0
01B04,ESS_MEDS,1,TRUE,11,TRUE,0
01B05,ESS_MEDS,1,TRUE,11,TRUE,0
01C01,ESS_MEDS,1,TRUE,11,TRUE,0
01C01Z,ESS_MEDS,1,TRUE,11,TRUE,0
01C02,ESS_MEDS,1,TRUE,11,TRUE,0
01C03,ESS_MEDS,1,TRUE,11,TRUE,0
01C04,ESS_MEDS,1,TRUE,11,TRUE,0
01C05,ESS_MEDS,1,TRUE,11,TRUE,0
01C0XZ,ESS_MEDS,1,TRUE,11,TRUE,0
01E01,ESS_MEDS,1,TRUE,11,TRUE,0
01E01Y,ESS_MEDS,1,TRUE,11,TRUE,0
01E01Z,ESS_MEDS,1,TRUE,11,TRUE,0
01E02,ESS_MEDS,1,TRUE,11,TRUE,0
01E03,ESS_MEDS,1,TRUE,11,TRUE,0
01F01,ESS_MEDS,1,TRUE,11,TRUE,0
01F01Z,ESS_MEDS,1,TRUE,11,TRUE,0
01F02,ESS_MEDS,1,TRUE,11,TRUE,0
01F02Z,ESS_MEDS,1,TRUE,11,TRUE,0
01G01,ESS_MEDS,1,TRUE,11,TRUE,0
01G01Z,ESS_MEDS,1,TRUE,11,TRUE,0
01G02,ESS_MEDS,1,TRUE,11,TRUE,0
01G03,ESS_MEDS,1,TRUE,11,TRUE,0
01G04,ESS_MEDS,1,TRUE,11,TRUE,0
01H01,ESS_MEDS,1,TRUE,11,TRUE,0
01H02,ESS_MEDS,1,TRUE,11,TRUE,0
01I01,ESS_MEDS,1,TRUE,11,TRUE,0
01J01,ESS_MEDS,1,TRUE,11,TRUE,0
01J02,ESS_MEDS,1,TRUE,11,TRUE,0
01J02Z,ESS_MEDS,1,TRUE,11,TRUE,0
01J0ZZ,ESS_MEDS,1,TRUE,11,TRUE,0
01K0ZZ,ESS_MEDS,1,TRUE,11,TRUE,0
02A01,ESS_MEDS,1,TRUE,11,TRUE,0
02A02,ESS_MEDS,1,TRUE,11,TRUE,0
02A02Z,ESS_MEDS,1,TRUE,11,TRUE,0
02A03,ESS_MEDS,1,TRUE,11,TRUE,0
02A03Y,ESS_MEDS,1,TRUE,11,TRUE,0
02A03Z,ESS_MEDS,1,TRUE,11,TRUE,0
02A04,ESS_MEDS,1,TRUE,11,TRUE,0
02A05,ESS_MEDS,1,TRUE,11,TRUE,0
02A06,ESS_MEDS,1,TRUE,11,TRUE,0
02A07,ESS_MEDS,1,TRUE,11,TRUE,0
02A0ZY,ESS_MEDS,1,TRUE,11,TRUE,0
02A0ZZ,ESS_MEDS,1,TRUE,11,TRUE,0
02B01,ESS_MEDS,1,TRUE,11,TRUE,0
02B02,ESS_MEDS,1,TRUE,11,TRUE,0
02B03,ESS_MEDS,1,TRUE,11,TRUE,0
02B0ZZ,ESS_MEDS,1,TRUE,11,TRUE,0
02C01,ESS_MEDS,1,TRUE,11,TRUE,0
02C02,ESS_MEDS,1,TRUE,11,TRUE,0
02C03,ESS_MEDS,1,TRUE,11,TRUE,0
02D01,ESS_MEDS,1,TRUE,11,TRUE,0
02D02,ESS_MEDS,1,TRUE,11,TRUE,0
02D03,ESS_MEDS,1,TRUE,11,TRUE,0
02D04,ESS_MEDS,1,TRUE,11,TRUE,0
02D04Z,ESS_MEDS,1,TRUE,11,TRUE,0
02D05,ESS_MEDS,1,TRUE,11,TRUE,0
02D06,ESS_MEDS,1,TRUE,11,TRUE,0
02D06Z,ESS_MEDS,1,TRUE,11,TRUE,0
02D07,ESS_MEDS,1,TRUE,11,TRUE,0
02D08,ESS_MEDS,1,TRUE,11,TRUE,0
02E01,ESS_MEDS,1,TRUE,11,TRUE,0
02E02,ESS_MEDS,1,TRUE,11,TRUE,0
02F01,ESS_MEDS,1,TRUE,11,TRUE,0
02F02,ESS_MEDS,1,TRUE,11,TRUE,0
02F0ZZ,ESS_MEDS,1,TRUE,11,TRUE,0
02G01,ESS_MEDS,1,TRUE,11,TRUE,0
02G02,ESS_MEDS,1,TRUE,11,TRUE,0
02G02Z,ESS_MEDS,1,TRUE,11,TRUE,0
02H01,ESS_MEDS,1,TRUE,11,TRUE,0
02H01Z,ESS_MEDS,1,TRUE,11,TRUE,0
02H0YY,ESS_MEDS,1,TRUE,11,TRUE,0
02H0YZ,ESS_MEDS,1,TRUE,11,TRUE,0
02H0ZY,ESS_MEDS,1,TRUE,11,TRUE,0
02H0ZZ,ESS_MEDS,1,TRUE,11,TRUE,0
02I01,ESS_MEDS,1,TRUE,11,TRUE,0
02I02,ESS_MEDS,1,TRUE,11,TRUE,0
02I02X,ESS_MEDS,1,TRUE,11,TRUE,0
02I02Y,ESS_MEDS,1,TRUE,11,TRUE,0
03A01,ESS_MEDS,1,TRUE,11,TRUE,0
03A01Z,ESS_MEDS,1,TRUE,11,TRUE,0
03A02,ESS_MEDS,1,TRUE,11,TRUE,0
03A03,ESS_MEDS,1,TRUE,11,TRUE,0
03A04,ESS_MEDS,1,TRUE,11,TRUE,0
03A05,ESS_MEDS,1,TRUE,11,TRUE,0
03A06,ESS_MEDS,1,TRUE,11,TRUE,0
03A07,ESS_MEDS,1,TRUE,11,TRUE,0
03A07Z,ESS_MEDS,1,TRUE,11,TRUE,0
03B01,ESS_MEDS,1,TRUE,11,TRUE,0
03B02,ESS_MEDS,1,TRUE,11,TRUE,0
03B03,ESS_MEDS,1,TRUE,11,TRUE,0
03B04,ESS_MEDS,1,TRUE,11,TRUE,0
03B05,ESS_MEDS,1,TRUE,11,TRUE,0
03B06,ESS_MEDS,1,TRUE,11,TRUE,0
03B06X,ESS_MEDS,1,TRUE,11,TRUE,0
03B07,ESS_MEDS,1,TRUE,11,TRUE,0
03B08,ESS_MEDS,1,TRUE,11,TRUE,0
03B09,ESS_MEDS,1,TRUE,11,TRUE,0
03B0ZY,ESS_MEDS,1,TRUE,11,TRUE,0
03B0ZZ,ESS_MEDS,1,TRUE,11,TRUE,0
03B10,ESS_MEDS,1,TRUE,11,TRUE,0
03B11,ESS_MEDS,1,TRUE,11,TRUE,0
03B12,ESS_MEDS,1,TRUE,11,TRUE,0
03B13,ESS_MEDS,1,TRUE,11,TRUE,0
03B14,ESS_MEDS,1,TRUE,11,TRUE,0
03D01,ESS_MEDS,1,TRUE,11,TRUE,0
03D02,ESS_MEDS,1,TRUE,11,TRUE,0
03D02Z,ESS_MEDS,1,TRUE,11,TRUE,0
03D03,ESS_MEDS,1,TRUE,11,TRUE,0
03D03Z,ESS_MEDS,1,TRUE,11,TRUE,0
03D04,ESS_MEDS,1,TRUE,11,TRUE,0
03E01,ESS_MEDS,1,TRUE,11,TRUE,0
03E02,ESS_MEDS,1,TRUE,11,TRUE,0
04A01,ESS_MEDS,1,TRUE,11,TRUE,0
04A02,ESS_MEDS,1,TRUE,11,TRUE,0
04A03,ESS_MEDS,1,TRUE,11,TRUE,0
04A03Z,ESS_MEDS,1,TRUE,11,TRUE,0
04A04,ESS_MEDS,1,TRUE,11,TRUE,0
04A05,ESS_MEDS,1,TRUE,11,TRUE,0
04A06,ESS_MEDS,1,TRUE,11,TRUE,0
04A07,ESS_MEDS,1,TRUE,11,TRUE,0
04A08,ESS_MEDS,1,TRUE,11,TRUE,0
04A09,ESS_MEDS,1,TRUE,11,TRUE,0
04B01,ESS_MEDS,1,TRUE,11,TRUE,0
04B02,ESS_MEDS,1,TRUE,11,TRUE,0
04B03,ESS_MEDS,1,TRUE,11,TRUE,0
04B03Y,ESS_MEDS,1,TRUE,11,TRUE,0
04B03Z,ESS_MEDS,1,TRUE,11,TRUE,0
04B04,ESS_MEDS,1,TRUE,11,TRUE,0
04B04Z,ESS_MEDS,1,TRUE,11,TRUE,0
04B05,ESS_MEDS,1,TRUE,11,TRUE,0
04B05Z,ESS_MEDS,1,TRUE,11,TRUE,0
04B06,ESS_MEDS,1,TRUE,11,TRUE,0
04B07,ESS_MEDS,1,TRUE,11,TRUE,0
04B07Z,ESS_MEDS,1,TRUE,11,TRUE,0
04C01,ESS_MEDS,1,TRUE,11,TRUE,0
04C02,ESS_MEDS,1,TRUE,11,TRUE,0
04D01,ESS_MEDS,1,TRUE,11,TRUE,0
04D02,ESS_MEDS,1,TRUE,11,TRUE,0
04D02Z,ESS_MEDS,1,TRUE,11,TRUE,0
04D03,ESS_MEDS,1,TRUE,11,TRUE,0
04D04,ESS_MEDS,1,TRUE,11,TRUE,0
04D05,ESS_MEDS,1,TRUE,11,TRUE,0
04D06,ESS_MEDS,1,TRUE,11,TRUE,0
04D07,ESS_MEDS,1,TRUE,11,TRUE,0
04D08,ESS_MEDS,1,TRUE,11,TRUE,0
04D09,ESS_MEDS,1,TRUE,11,TRUE,0
04D10,ESS_MEDS,1,TRUE,11,TRUE,0
04E01,ESS_MEDS,1,TRUE,11,TRUE,0
04E02,ESS_MEDS,1,TRUE,11,TRUE,0
04E03,ESS_MEDS,1,TRUE,11,TRUE,0
04E03Z,ESS_MEDS,1,TRUE,11,TRUE,0
04E04,ESS_MEDS,1,TRUE,11,TRUE,0
04E05,ESS_MEDS,1,TRUE,11,TRUE,0
04E06,ESS_MEDS,1,TRUE,11,TRUE,0
04E07,ESS_MEDS,1,TRUE,11,TRUE,0
04E07Z,ESS_MEDS,1,TRUE,11,TRUE,0
04E08,ESS_MEDS,1,TRUE,11,TRUE,0
04E09,ESS_MEDS,1,TRUE,11,TRUE,0
04E0YZ,ESS_MEDS,1,TRUE,11,TRUE,0
04E10,ESS_MEDS,1,TRUE,11,TRUE,0
04E11,ESS_MEDS,1,TRUE,11,TRUE,0
04E12,ESS_MEDS,1,TRUE,11,TRUE,0
04F01,ESS_MEDS,1,TRUE,11,TRUE,0
04F02,ESS_MEDS,1,TRUE,11,TRUE,0
04F03,ESS_MEDS,1,TRUE,11,TRUE,0
04F04,ESS_MEDS,1,TRUE,11,TRUE,0
04F05,ESS_MEDS,1,TRUE,11,TRUE,0
04F06,ESS_MEDS,1,TRUE,11,TRUE,0
04F06W,ESS_MEDS,1,TRUE,11,TRUE,0
04F06Y,ESS_MEDS,1,TRUE,11,TRUE,0
04F06Z,ESS_MEDS,1,TRUE,11,TRUE,0
04F07,ESS_MEDS,1,TRUE,11,TRUE,0
04F07Z,ESS_MEDS,1,TRUE,11,TRUE,0
04F08,ESS_MEDS,1,TRUE,11,TRUE,0
04F08Z,ESS_MEDS,1,TRUE,11,TRUE,0
04F09,ESS_MEDS,1,TRUE,11,TRUE,0
04F0XX,ESS_MEDS,1,TRUE,11,TRUE,0
04F0XY,ESS_MEDS,1,TRUE,11,TRUE,0
04F0XZ,ESS_MEDS,1,TRUE,11,TRUE,0
04F0YW,ESS_MEDS,1,TRUE,11,TRUE,0
04F0YZ,ESS_MEDS,1,TRUE,11,TRUE,0
04F0ZY,ESS_MEDS,1,TRUE,11,TRUE,0
04F0ZZ,ESS_MEDS,1,TRUE,11,TRUE,0
04F10,ESS_MEDS,1,TRUE,11,TRUE,0
04G01,ESS_MEDS,1,TRUE,11,TRUE,0
04G02,ESS_MEDS,1,TRUE,11,TRUE,0
04G03,ESS_MEDS,1,TRUE,11,TRUE,0
04G04,ESS_MEDS,1,TRUE,11,TRUE,0
04H01,ESS_MEDS,1,TRUE,11,TRUE,0
04H02,ESS_MEDS,1,TRUE,11,TRUE,0
04H03,ESS_MEDS,1,TRUE,11,TRUE,0
04H04,ESS_MEDS,1,TRUE,11,TRUE,0
04I01,ESS_MEDS,1,TRUE,11,TRUE,0
04J01,ESS_MEDS,1,TRUE,11,TRUE,0
04J02,ESS_MEDS,1,TRUE,11,TRUE,0
04J03,ESS_MEDS,1,TRUE,11,TRUE,0
04K01,ESS_MEDS,1,TRUE,11,TRUE,0
04K02,ESS_MEDS,1,TRUE,11,TRUE,0
04K03,ESS_MEDS,1,TRUE,11,TRUE,0
04K04,ESS_MEDS,1,TRUE,11,TRUE,0
04K05,ESS_MEDS,1,TRUE,11,TRUE,0
04K06,ESS_MEDS,1,TRUE,11,TRUE,0
04K07,ESS_MEDS,1,TRUE,11,TRUE,0
04K08,ESS_MEDS,1,TRUE,11,TRUE,0
05A01,ESS_MEDS,1,TRUE,11,TRUE,0
05A01Z,ESS_MEDS,1,TRUE,11,TRUE,0
05A02,ESS_MEDS,1,TRUE,11,TRUE,0
05A02Z,ESS_MEDS,1,TRUE,11,TRUE,0
05A03,ESS_MEDS,1,TRUE,11,TRUE,0
05A03Z,ESS_MEDS,1,TRUE,11,TRUE,0
05A04,ESS_MEDS,1,TRUE,11,TRUE,0
05A05,ESS_MEDS,1,TRUE,11,TRUE,0
05A06,ESS_MEDS,1,TRUE,11,TRUE,0
05A07,ESS_MEDS,1,TRUE,11,TRUE,0
05A07Z,ESS_MEDS,1,TRUE,11,TRUE,0
05A08,ESS_MEDS,1,TRUE,11,TRUE,0
05A09,ESS_MEDS,1,TRUE,11,TRUE,0
05A09Z,ESS_MEDS,1,TRUE,11,TRUE,0
05A10,ESS_MEDS,1,TRUE,11,TRUE,0
05A11,ESS_MEDS,1,TRUE,11,TRUE,0
05A12,ESS_MEDS,1,TRUE,11,TRUE,0
05A13,ESS_MEDS,1,TRUE,11,TRUE,0
05A14,ESS_MEDS,1,TRUE,11,TRUE,0
05B01,ESS_MEDS,1,TRUE,11,TRUE,0
05B02,ESS_MEDS,1,TRUE,11,TRUE,0
05B0X,ESS_MEDS,1,TRUE,11,TRUE,0
05B0ZZ,ESS_MEDS,1,TRUE,11,TRUE,0
06A01,ESS_MEDS,1,TRUE,11,TRUE,0
06A02,ESS_MEDS,1,TRUE,11,TRUE,0
06A03,ESS_MEDS,1,TRUE,11,TRUE,0
06A04,ESS_MEDS,1,TRUE,11,TRUE,0
06A05,ESS_MEDS,1,TRUE,11,TRUE,0
06A06,ESS_MEDS,1,TRUE,11,TRUE,0
06A07,ESS_MEDS,1,TRUE,11,TRUE,0
06A07Y,ESS_MEDS,1,TRUE,11,TRUE,0
06A0YZ,ESS_MEDS,1,TRUE,11,TRUE,0
06A0ZY,ESS_MEDS,1,TRUE,11,TRUE,0
06A0ZZ,ESS_MEDS,1,TRUE,11,TRUE,0
06C01,ESS_MEDS,1,TRUE,11,TRUE,0
06D01,ESS_MEDS,1,TRUE,11,TRUE,0
06D01Z,ESS_MEDS,1,TRUE,11,TRUE,0
06D02,ESS_MEDS,1,TRUE,11,TRUE,0
06D03,ESS_MEDS,1,TRUE,11,TRUE,0
06D0ZZ,ESS_MEDS,1,TRUE,11,TRUE,0
06E01,ESS_MEDS,1,TRUE,11,TRUE,0
06E02,ESS_MEDS,1,TRUE,11,TRUE,0
06E03,ESS_MEDS,1,TRUE,11,TRUE,0
06E04,ESS_MEDS,1,TRUE,11,TRUE,0
06F01,ESS_MEDS,1,TRUE,11,TRUE,0
06F02,ESS_MEDS,1,TRUE,11,TRUE,0
06F03,ESS_MEDS,1,TRUE,11,TRUE,0
06F04,ESS_MEDS,1,TRUE,11,TRUE,0
06F05,ESS_MEDS,1,TRUE,11,TRUE,0
06F06,ESS_MEDS,1,TRUE,11,TRUE,0
06F06Y,ESS_MEDS,1,TRUE,11,TRUE,0
06F06Z,ESS_MEDS,1,TRUE,11,TRUE,0
06F07,ESS_MEDS,1,TRUE,11,TRUE,0
06F07Y,ESS_MEDS,1,TRUE,11,TRUE,0
06F07Z,ESS_MEDS,1,TRUE,11,TRUE,0
06F08,ESS_MEDS,1,TRUE,11,TRUE,0
06F0ZY,ESS_MEDS,1,TRUE,11,TRUE,0
06F0ZZ,ESS_MEDS,1,TRUE,11,TRUE,0
07A01,ESS_MEDS,1,TRUE,11,TRUE,0
07A02,ESS_MEDS,1,TRUE,11,TRUE,0
07A02T,ESS_MEDS,1,TRUE,11,TRUE,0
07A02Z,ESS_MEDS,1,TRUE,11,TRUE,0
07A03,ESS_MEDS,1,TRUE,11,TRUE,0
07A04,ESS_MEDS,1,TRUE,11,TRUE,0
07A05,ESS_MEDS,1,TRUE,11,TRUE,0
07A05Z,ESS_MEDS,1,TRUE,11,TRUE,0
07A06,ESS_MEDS,1,TRUE,11,TRUE,0
07A06Y,ESS_MEDS,1,TRUE,11,TRUE,0
07A06Z,ESS_MEDS,1,TRUE,11,TRUE,0
07A0WZ,ESS_MEDS,1,TRUE,11,TRUE,0
07A0ZW,ESS_MEDS,1,TRUE,11,TRUE,0
07A0ZX,ESS_MEDS,1,TRUE,11,TRUE,0
07A0ZZ,ESS_MEDS,1,TRUE,11,TRUE,0
07B01,ESS_MEDS,1,TRUE,11,TRUE,0
07B02,ESS_MEDS,1,TRUE,11,TRUE,0
07B03,ESS_MEDS,1,TRUE,11,TRUE,0
07B04,ESS_MEDS,1,TRUE,11,TRUE,0
07B05,ESS_MEDS,1,TRUE,11,TRUE,0
07B06,ESS_MEDS,1,TRUE,11,TRUE,0
07B07,ESS_MEDS,1,TRUE,11,TRUE,0
07B08,ESS_MEDS,1,TRUE,11,TRUE,0
07B09,ESS_MEDS,1,TRUE,11,TRUE,0
07B10,ESS_MEDS,1,TRUE,11,TRUE,0
07B10Z,ESS_MEDS,1,TRUE,11,TRUE,0
07B11,ESS_MEDS,1,TRUE,11,TRUE,0
07C01,ESS_MEDS,1,TRUE,11,TRUE,0
07C02,ESS_MEDS,1,TRUE,11,TRUE,0
07D01,ESS_MEDS,1,TRUE,11,TRUE,0
07D01Z,ESS_MEDS,1,TRUE,11,TRUE,0
07D02,ESS_MEDS,1,TRUE,11,TRUE,0
07D03,ESS_MEDS,1,TRUE,11,TRUE,0
07D04,ESS_MEDS,1,TRUE,11,TRUE,0
07D04Z,ESS_MEDS,1,TRUE,11,TRUE,0
07D05,ESS_MEDS,1,TRUE,11,TRUE,0
07D06,ESS_MEDS,1,TRUE,11,TRUE,0
07D07,ESS_MEDS,1,TRUE,11,TRUE,0
07D08,ESS_MEDS,1,TRUE,11,TRUE,0
07D08Z,ESS_MEDS,1,TRUE,11,TRUE,0
07D09,ESS_MEDS,1,TRUE,11,TRUE,0
07D10,ESS_MEDS,1,TRUE,11,TRUE,0
07D11,ESS_MEDS,1,TRUE,11,TRUE,0
07D12,ESS_MEDS,1,TRUE,11,TRUE,0
07D13,ESS_MEDS,1,TRUE,11,TRUE,0
07D14,ESS_MEDS,1,TRUE,11,TRUE,0
07E01,ESS_MEDS,1,TRUE,11,TRUE,0
07E02,ESS_MEDS,1,TRUE,11,TRUE,0
07F01,ESS_MEDS,1,TRUE,11,TRUE,0
07F02,ESS_MEDS,1,TRUE,11,TRUE,0
07F03,ESS_MEDS,1,TRUE,11,TRUE,0
07F04,ESS_MEDS,1,TRUE,11,TRUE,0
07G01,ESS_MEDS,1,TRUE,11,TRUE,0
07G02,ESS_MEDS,1,TRUE,11,TRUE,0
07G03,ESS_MEDS,1,TRUE,11,TRUE,0
07G04,ESS_MEDS,1,TRUE,11,TRUE,0
07G05,ESS_MEDS,1,TRUE,11,TRUE,0
07G06,ESS_MEDS,1,TRUE,11,TRUE,0
07G06Z,ESS_MEDS,1,TRUE,11,TRUE,0
07G07,ESS_MEDS,1,TRUE,11,TRUE,0
07G08,ESS_MEDS,1,TRUE,11,TRUE,0
07G09,ESS_MEDS,1,TRUE,11,TRUE,0
07H01,ESS_MEDS,1,TRUE,11,TRUE,0
07I01,ESS_MEDS,1,TRUE,11,TRUE,0
07I02,ESS_MEDS,1,TRUE,11,TRUE,0
07I03,ESS_MEDS,1,TRUE,11,TRUE,0
07I04,ESS_MEDS,1,TRUE,11,TRUE,0
07I05,ESS_MEDS,1,TRUE,11,TRUE,0
07I06,ESS_MEDS,1,TRUE,11,TRUE,0
07I06Z,ESS_MEDS,1,TRUE,11,TRUE,0
07I07,ESS_MEDS,1,TRUE,11,TRUE,0
07I08,ESS_MEDS,1,TRUE,11,TRUE,0
07I09,ESS_MEDS,1,TRUE,11,TRUE,0
07I10,ESS_MEDS,1,TRUE,11,TRUE,0
07I11,ESS_MEDS,1,TRUE,11,TRUE,0
07J01,ESS_MEDS,1,TRUE,11,TRUE,0
07J02,ESS_MEDS,1,TRUE,11,TRUE,0
07J03,ESS_MEDS,1,TRUE,11,TRUE,0
07J03Y,ESS_MEDS,1,TRUE,11,TRUE,0
07J04,ESS_MEDS,1,TRUE,11,TRUE,0
07J05,ESS_MEDS,1,TRUE,11,TRUE,0
07J05Z,ESS_MEDS,1,TRUE,11,TRUE,0
07J06,ESS_MEDS,1,TRUE,11,TRUE,0
07J07,ESS_MEDS,1,TRUE,11,TRUE,0
07J08,ESS_MEDS,1,TRUE,11,TRUE,0
07J09,ESS_MEDS,1,TRUE,11,TRUE,0
07J09Z,ESS_MEDS,1,TRUE,11,TRUE,0
07J10,ESS_MEDS,1,TRUE,11,TRUE,0
07J11,ESS_MEDS,1,TRUE,11,TRUE,0
07J12,ESS_MEDS,1,TRUE,11,TRUE,0
07J13,ESS_MEDS,1,TRUE,11,TRUE,0
07J14,ESS_MEDS,1,TRUE,11,TRUE,0
07J15,ESS_MEDS,1,TRUE,11,TRUE,0
07J16,ESS_MEDS,1,TRUE,11,TRUE,0
07L01,ESS_MEDS,1,TRUE,11,TRUE,0
07L02,ESS_MEDS,1,TRUE,11,TRUE,0
07L03,ESS_MEDS,1,TRUE,11,TRUE,0
07L03Z,ESS_MEDS,1,TRUE,11,TRUE,0
07L04,ESS_MEDS,1,TRUE,11,TRUE,0
080ZY,ESS_MEDS,1,TRUE,11,TRUE,0
08A01,ESS_MEDS,1,TRUE,11,TRUE,0
08A01Z,ESS_MEDS,1,TRUE,11,TRUE,0
08A02,ESS_MEDS,1,TRUE,11,TRUE,0
08A02Z,ESS_MEDS,1,TRUE,11,TRUE,0
08A03,ESS_MEDS,1,TRUE,11,TRUE,0
08A04,ESS_MEDS,1,TRUE,11,TRUE,0
08A05,ESS_MEDS,1,TRUE,11,TRUE,0
08A05Z,ESS_MEDS,1,TRUE,11,TRUE,0
08A06,ESS_MEDS,1,TRUE,11,TRUE,0
08A06Y,ESS_MEDS,1,TRUE,11,TRUE,0
08A07,ESS_MEDS,1,TRUE,11,TRUE,0
08A07Z,ESS_MEDS,1,TRUE,11,TRUE,0
08A08,ESS_MEDS,1,TRUE,11,TRUE,0
08A08Z,ESS_MEDS,1,TRUE,11,TRUE,0
08A09,ESS_MEDS,1,TRUE,11,TRUE,0
08A0WZ,ESS_MEDS,1,TRUE,11,TRUE,0
08A0XY,ESS_MEDS,1,TRUE,11,TRUE,0
08A0YZ,ESS_MEDS,1,TRUE,11,TRUE,0
08A0ZW,ESS_MEDS,1,TRUE,11,TRUE,0
08A0ZX,ESS_MEDS,1,TRUE,11,TRUE,0
08A0ZY,ESS_MEDS,1,TRUE,11,TRUE,0
08A0ZZ,ESS_MEDS,1,TRUE,11,TRUE,0
08A10,ESS_MEDS,1,TRUE,11,TRUE,0
08A10Z,ESS_MEDS,1,TRUE,11,TRUE,0
08A11,ESS_MEDS,1,TRUE,11,TRUE,0
08A11Z,ESS_MEDS,1,TRUE,11,TRUE,0
08A12,ESS_MEDS,1,TRUE,11,TRUE,0
08A13,ESS_MEDS,1,TRUE,11,TRUE,0
08A14,ESS_MEDS,1,TRUE,11,TRUE,0
08A15,ESS_MEDS,1,TRUE,11,TRUE,0
08A15Z,ESS_MEDS,1,TRUE,11,TRUE,0
08A16,ESS_MEDS,1,TRUE,11,TRUE,0
08B01,ESS_MEDS,1,TRUE,11,TRUE,0
08B02,ESS_MEDS,1,TRUE,11,TRUE,0
08B03,ESS_MEDS,1,TRUE,11,TRUE,0
08B04,ESS_MEDS,1,TRUE,11,TRUE,0
08B04Z,ESS_MEDS,1,TRUE,11,TRUE,0
08B05,ESS_MEDS,1,TRUE,11,TRUE,0
08B06,ESS_MEDS,1,TRUE,11,TRUE,0
08B06Y,ESS_MEDS,1,TRUE,11,TRUE,0
08B06Z,ESS_MEDS,1,TRUE,11,TRUE,0
08B07,ESS_MEDS,1,TRUE,11,TRUE,0
08B08,ESS_MEDS,1,TRUE,11,TRUE,0
08B0WZ,ESS_MEDS,1,TRUE,11,TRUE,0
08B0YZ,ESS_MEDS,1,TRUE,11,TRUE,0
08C01,ESS_MEDS,1,TRUE,11,TRUE,0
08D01,ESS_MEDS,1,TRUE,11,TRUE,0
08D02,ESS_MEDS,1,TRUE,11,TRUE,0
08D03,ESS_MEDS,1,TRUE,11,TRUE,0
08D04,ESS_MEDS,1,TRUE,11,TRUE,0
08D05,ESS_MEDS,1,TRUE,11,TRUE,0
08D05X,ESS_MEDS,1,TRUE,11,TRUE,0
08D05Y,ESS_MEDS,1,TRUE,11,TRUE,0
08D05Z,ESS_MEDS,1,TRUE,11,TRUE,0
08D06,ESS_MEDS,1,TRUE,11,TRUE,0
08D06Z,ESS_MEDS,1,TRUE,11,TRUE,0
08D0X,ESS_MEDS,1,TRUE,11,TRUE,0
08D0ZZ,ESS_MEDS,1,TRUE,11,TRUE,0
08E01,ESS_MEDS,1,TRUE,11,TRUE,0
08E01Z,ESS_MEDS,1,TRUE,11,TRUE,0
08E02,ESS_MEDS,1,TRUE,11,TRUE,0
08E03,ESS_MEDS,1,TRUE,11,TRUE,0
08F01,ESS_MEDS,1,TRUE,11,TRUE,0
08F02,ESS_MEDS,1,TRUE,11,TRUE,0
08F03,ESS_MEDS,1,TRUE,11,TRUE,0
08F04,ESS_MEDS,1,TRUE,11,TRUE,0
08F05,ESS_MEDS,1,TRUE,11,TRUE,0
08F06,ESS_MEDS,1,TRUE,11,TRUE,0
08F07,ESS_MEDS,1,TRUE,11,TRUE,0
08F07Y,ESS_MEDS,1,TRUE,11,TRUE,0
08F07Z,ESS_MEDS,1,TRUE,11,TRUE,0
08F08,ESS_MEDS,1,TRUE,11,TRUE,0
08F08Z,ESS_MEDS,1,TRUE,11,TRUE,0
08G01,ESS_MEDS,1,TRUE,11,TRUE,0
08G01Z,ESS_MEDS,1,TRUE,11,TRUE,0
08G02,ESS_MEDS,1,TRUE,11,TRUE,0
08G03,ESS_MEDS,1,TRUE,11,TRUE,0
08G03Z,ESS_MEDS,1,TRUE,11,TRUE,0
08H01,ESS_MEDS,1,TRUE,11,TRUE,0
08H01Z,ESS_MEDS,1,TRUE,11,TRUE,0
08H02,ESS_MEDS,1,TRUE,11,TRUE,0
08H03,ESS_MEDS,1,TRUE,11,TRUE,0
08H03Z,ESS_MEDS,1,TRUE,11,TRUE,0
08H04,ESS_MEDS,1,TRUE,11,TRUE,0
08H05,ESS_MEDS,1,TRUE,11,TRUE,0
08H06,ESS_MEDS,1,TRUE,11,TRUE,0
08H06Z,ESS_MEDS,1,TRUE,11,TRUE,0
08H07,ESS_MEDS,1,TRUE,11,TRUE,0
08H07Z,ESS_MEDS,1,TRUE,11,TRUE,0
08I01,ESS_MEDS,1,TRUE,11,TRUE,0
08I02,ESS_MEDS,1,TRUE,11,TRUE,0
08I03,ESS_MEDS,1,TRUE,11,TRUE,0
08J01,ESS_MEDS,1,TRUE,11,TRUE,0
08J02,ESS_MEDS,1,TRUE,11,TRUE,0
08K01,ESS_MEDS,1,TRUE,11,TRUE,0
08K01Z,ESS_MEDS,1,TRUE,11,TRUE,0
08K02,ESS_MEDS,1,TRUE,11,TRUE,0
08K02Y,ESS_MEDS,1,TRUE,11,TRUE,0
08K02Z,ESS_MEDS,1,TRUE,11,TRUE,0
08K03,ESS_MEDS,1,TRUE,11,TRUE,0
08K03Z,ESS_MEDS,1,TRUE,11,TRUE,0
08K04,ESS_MEDS,1,TRUE,11,TRUE,0
08K04X,ESS_MEDS,1,TRUE,11,TRUE,0
08K05,ESS_MEDS,1,TRUE,11,TRUE,0
08K06,ESS_MEDS,1,TRUE,11,TRUE,0
08K07,ESS_MEDS,1,TRUE,11,TRUE,0
08K08,ESS_MEDS,1,TRUE,11,TRUE,0
08K09,ESS_MEDS,1,TRUE,11,TRUE,0
08L01,ESS_MEDS,1,TRUE,11,TRUE,0
08L02,ESS_MEDS,1,TRUE,11,TRUE,0
08L02X,ESS_MEDS,1,TRUE,11,TRUE,0
08L02Y,ESS_MEDS,1,TRUE,11,TRUE,0
08L02Z,ESS_MEDS,1,TRUE,11,TRUE,0
08L03,ESS_MEDS,1,TRUE,11,TRUE,0
08L04,ESS_MEDS,1,TRUE,11,TRUE,0
08L04Y,ESS_MEDS,1,TRUE,11,TRUE,0
08L04Z,ESS_MEDS,1,TRUE,11,TRUE,0
08L05,ESS_MEDS,1,TRUE,11,TRUE,0
08L05Z,ESS_MEDS,1,TRUE,11,TRUE,0
08L06,ESS_MEDS,1,TRUE,11,TRUE,0
08L07,ESS_MEDS,1,TRUE,11,TRUE,0
08L07X,ESS_MEDS,1,TRUE,11,TRUE,0
08L07Y,ESS_MEDS,1,TRUE,11,TRUE,0
08L07Z,ESS_MEDS,1,TRUE,11,TRUE,0
08L08,ESS_MEDS,1,TRUE,11,TRUE,0
08L09,ESS_MEDS,1,TRUE,11,TRUE,0
08L0XZ,ESS_MEDS,1,TRUE,11,TRUE,0
08L0YZ,ESS_MEDS,1,TRUE,11,TRUE,0
08L0ZZ,ESS_MEDS,1,TRUE,11,TRUE,0
08L10,ESS_MEDS,1,TRUE,11,TRUE,0
08L10X,ESS_MEDS,1,TRUE,11,TRUE,0
08L11,ESS_MEDS,1,TRUE,11,TRUE,0
08L12,ESS_MEDS,1,TRUE,11,TRUE,0
08L12X,ESS_MEDS,1,TRUE,11,TRUE,0
08M01,ESS_MEDS,1,TRUE,11,TRUE,0
08M02,ESS_MEDS,1,TRUE,11,TRUE,0
08M03,ESS_MEDS,1,TRUE,11,TRUE,0
08M04,ESS_MEDS,1,TRUE,11,TRUE,0
08M05,ESS_MEDS,1,TRUE,11,TRUE,0
08M06,ESS_MEDS,1,TRUE,11,TRUE,0
08M0XX,ESS_MEDS,1,TRUE,11,TRUE,0
08M0XZ,ESS_MEDS,1,TRUE,11,TRUE,0
08M0ZY,ESS_MEDS,1,TRUE,11,TRUE,0
08M0ZZ,ESS_MEDS,1,TRUE,11,TRUE,0
08M6ZZ,ESS_MEDS,1,TRUE,11,TRUE,0
08N01,ESS_MEDS,1,TRUE,11,TRUE,0
08N01Z,ESS_MEDS,1,TRUE,11,TRUE,0
08N02,ESS_MEDS,1,TRUE,11,TRUE,0
08N03,ESS_MEDS,1,TRUE,11,TRUE,0
08N03Z,ESS_MEDS,1,TRUE,11,TRUE,0
08N04,ESS_MEDS,1,TRUE,11,TRUE,0
08N04Z,ESS_MEDS,1,TRUE,11,TRUE,0
08N05,ESS_MEDS,1,TRUE,11,TRUE,0
08N06,ESS_MEDS,1,TRUE,11,TRUE,0
08N07,ESS_MEDS,1,TRUE,11,TRUE,0
08N0YZ,ESS_MEDS,1,TRUE,11,TRUE,0
08N0ZZ,ESS_MEDS,1,TRUE,11,TRUE,0
08O01,ESS_MEDS,1,TRUE,11,TRUE,0
08O02,ESS_MEDS,1,TRUE,11,TRUE,0
08O03,ESS_MEDS,1,TRUE,11,TRUE,0
08O04,ESS_MEDS,1,TRUE,11,TRUE,0
08O05,ESS_MEDS,1,TRUE,11,TRUE,0
08O05X,ESS_MEDS,1,TRUE,11,TRUE,0
08O05Y,ESS_MEDS,1,TRUE,11,TRUE,0
08O05Z,ESS_MEDS,1,TRUE,11,TRUE,0
08O06,ESS_MEDS,1,TRUE,11,TRUE,0
08O07,ESS_MEDS,1,TRUE,11,TRUE,0
08O07Y,ESS_MEDS,1,TRUE,11,TRUE,0
08O07Z,ESS_MEDS,1,TRUE,11,TRUE,0
08O08,ESS_MEDS,1,TRUE,11,TRUE,0
08O09,ESS_MEDS,1,TRUE,11,TRUE,0
08O0XZ,ESS_MEDS,1,TRUE,11,TRUE,0
08O0YZ,ESS_MEDS,1,TRUE,11,TRUE,0
08O0ZY,ESS_MEDS,1,TRUE,11,TRUE,0
08O0ZZ,ESS_MEDS,1,TRUE,11,TRUE,0
08O10,ESS_MEDS,1,TRUE,11,TRUE,0
08O11,ESS_MEDS,1,TRUE,11,TRUE,0
08O11Z,ESS_MEDS,1,TRUE,11,TRUE,0
08O12,ESS_MEDS,1,TRUE,11,TRUE,0
08O13,ESS_MEDS,1,TRUE,11,TRUE,0
08O14,ESS_MEDS,1,TRUE,11,TRUE,0
08O15,ESS_MEDS,1,TRUE,11,TRUE,0
08O15X,ESS_MEDS,1,TRUE,11,TRUE,0
08O15Y,ESS_MEDS,1,TRUE,11,TRUE,0
08O15Z,ESS_MEDS,1,TRUE,11,TRUE,0
08O16,ESS_MEDS,1,TRUE,11,TRUE,0
08O17,ESS_MEDS,1,TRUE,11,TRUE,0
08O18,ESS_MEDS,1,TRUE,11,TRUE,0
08P01,ESS_MEDS,1,TRUE,11,TRUE,0
08P02,ESS_MEDS,1,TRUE,11,TRUE,0
08Q01,ESS_MEDS,1,TRUE,11,TRUE,0
08Q02,ESS_MEDS,1,TRUE,11,TRUE,0
08Q03,ESS_MEDS,1,TRUE,11,TRUE,0
08Q04,ESS_MEDS,1,TRUE,11,TRUE,0
08Q05,ESS_MEDS,1,TRUE,11,TRUE,0
08Q05Z,ESS_MEDS,1,TRUE,11,TRUE,0
08Q06,ESS_MEDS,1,TRUE,11,TRUE,0
08Q06Z,ESS_MEDS,1,TRUE,11,TRUE,0
08Q07,ESS_MEDS,1,TRUE,11,TRUE,0
08Q0ZX,ESS_MEDS,1,TRUE,11,TRUE,0
08Q0ZZ,ESS_MEDS,1,TRUE,11,TRUE,0
08R01,ESS_MEDS,1,TRUE,11,TRUE,0
08R01Z,ESS_MEDS,1,TRUE,11,TRUE,0
08R02,ESS_MEDS,1,TRUE,11,TRUE,0
08R02Z,ESS_MEDS,1,TRUE,11,TRUE,0
08R03,ESS_MEDS,1,TRUE,11,TRUE,0
08R04,ESS_MEDS,1,TRUE,11,TRUE,0
08R05,ESS_MEDS,1,TRUE,11,TRUE,0
08R0X,ESS_MEDS,1,TRUE,11,TRUE,0
08R0YZ,ESS_MEDS,1,TRUE,11,TRUE,0
08R0Z,ESS_MEDS,1,TRUE,11,TRUE,0
08R0ZZ,ESS_MEDS,1,TRUE,11,TRUE,0
08S01Z,ESS_MEDS,1,TRUE,11,TRUE,0
08S01ZY,ESS_MEDS,1,TRUE,11,TRUE,0
08S02,ESS_MEDS,1,TRUE,11,TRUE,0
08S02Z,ESS_MEDS,1,TRUE,11,TRUE,0
08S03,ESS_MEDS,1,TRUE,11,TRUE,0
08S03Z,ESS_MEDS,1,TRUE,11,TRUE,0
08S04,ESS_MEDS,1,TRUE,11,TRUE,0
08S05,ESS_MEDS,1,TRUE,11,TRUE,0
08S06,ESS_MEDS,1,TRUE,11,TRUE,0
08S07,ESS_MEDS,1,TRUE,11,TRUE,0
08S08,ESS_MEDS,1,TRUE,11,TRUE,0
08S09,ESS_MEDS,1,TRUE,11,TRUE,0
08S10,ESS_MEDS,1,TRUE,11,TRUE,0
08S10Y,ESS_MEDS,1,TRUE,11,TRUE,0
08S10Z,ESS_MEDS,1,TRUE,11,TRUE,0
08S11,ESS_MEDS,1,TRUE,11,TRUE,0
08S12,ESS_MEDS,1,TRUE,11,TRUE,0
08S14,ESS_MEDS,1,TRUE,11,TRUE,0
08S16,ESS_MEDS,1,TRUE,11,TRUE,0
08S17Y,ESS_MEDS,1,TRUE,11,TRUE,0
08S17Z,ESS_MEDS,1,TRUE,11,TRUE,0
08S18,ESS_MEDS,1,TRUE,11,TRUE,0
08S23Z,ESS_MEDS,1,TRUE,11,TRUE,0
08S24,ESS_MEDS,1,TRUE,11,TRUE,0
08S25,ESS_MEDS,1,TRUE,11,TRUE,0
08S26,ESS_MEDS,1,TRUE,11,TRUE,0
08S29,ESS_MEDS,1,TRUE,11,TRUE,0
08S30,ESS_MEDS,1,TRUE,11,TRUE,0
08S30W,ESS_MEDS,1,TRUE,11,TRUE,0
08S30X,ESS_MEDS,1,TRUE,11,TRUE,0
08S30Y,ESS_MEDS,1,TRUE,11,TRUE,0
08S30Z,ESS_MEDS,1,TRUE,11,TRUE,0
08S30ZZ,ESS_MEDS,1,TRUE,11,TRUE,0
08S31,ESS_MEDS,1,TRUE,11,TRUE,0
08S33,ESS_MEDS,1,TRUE,11,TRUE,0
08S36,MMIA,1,TRUE,11,TRUE,9
08S37,ESS_MEDS,1,TRUE,11,TRUE,0
08S39,ESS_MEDS,1,TRUE,11,TRUE,0
08S41,ESS_MEDS,1,TRUE,11,TRUE,0
09A01,ESS_MEDS,1,TRUE,11,TRUE,0
09A02,ESS_MEDS,1,TRUE,11,TRUE,0
09A03,ESS_MEDS,1,TRUE,11,TRUE,0
09A03Z,ESS_MEDS,1,TRUE,11,TRUE,0
09A04,ESS_MEDS,1,TRUE,11,TRUE,0
09A05,ESS_MEDS,1,TRUE,11,TRUE,0
09A06,ESS_MEDS,1,TRUE,11,TRUE,0
09A07,ESS_MEDS,1,TRUE,11,TRUE,0
09A08,ESS_MEDS,1,TRUE,11,TRUE,0
09A09,ESS_MEDS,1,TRUE,11,TRUE,0
09B01,ESS_MEDS,1,TRUE,11,TRUE,0
09B01Z,ESS_MEDS,1,TRUE,11,TRUE,0
09B02,ESS_MEDS,1,TRUE,11,TRUE,0
09B03,ESS_MEDS,1,TRUE,11,TRUE,0
09B04,ESS_MEDS,1,TRUE,11,TRUE,0
09B05,ESS_MEDS,1,TRUE,11,TRUE,0
09B06,ESS_MEDS,1,TRUE,11,TRUE,0
09C01,ESS_MEDS,1,TRUE,11,TRUE,0
09C02,ESS_MEDS,1,TRUE,11,TRUE,0
09C03,ESS_MEDS,1,TRUE,11,TRUE,0
09C03Z,ESS_MEDS,1,TRUE,11,TRUE,0
09C04,ESS_MEDS,1,TRUE,11,TRUE,0
09C05,ESS_MEDS,1,TRUE,11,TRUE,0
09C06,ESS_MEDS,1,TRUE,11,TRUE,0
09C07,ESS_MEDS,1,TRUE,11,TRUE,0
09C08,ESS_MEDS,1,TRUE,11,TRUE,0
09C08Z,ESS_MEDS,1,TRUE,11,TRUE,0
09C09,ESS_MEDS,1,TRUE,11,TRUE,0
09D01,ESS_MEDS,1,TRUE,11,TRUE,0
09D01Z,ESS_MEDS,1,TRUE,11,TRUE,0
09D02,ESS_MEDS,1,TRUE,11,TRUE,0
09D03,ESS_MEDS,1,TRUE,11,TRUE,0
09D04,ESS_MEDS,1,TRUE,11,TRUE,0
09D04Z,ESS_MEDS,1,TRUE,11,TRUE,0
09D05,ESS_MEDS,1,TRUE,11,TRUE,0
09E01,ESS_MEDS,1,TRUE,11,TRUE,0
09E02,ESS_MEDS,1,TRUE,11,TRUE,0
09E03,ESS_MEDS,1,TRUE,11,TRUE,0
09E04,ESS_MEDS,1,TRUE,11,TRUE,0
09E05,ESS_MEDS,1,TRUE,11,TRUE,0
09E06,ESS_MEDS,1,TRUE,11,TRUE,0
09E06Z,ESS_MEDS,1,TRUE,11,TRUE,0
09E07,ESS_MEDS,1,TRUE,11,TRUE,0
09E08,ESS_MEDS,1,TRUE,11,TRUE,0
09E09,ESS_MEDS,1,TRUE,11,TRUE,0
09E10,ESS_MEDS,1,TRUE,11,TRUE,0
09E11,ESS_MEDS,1,TRUE,11,TRUE,0
09E12,ESS_MEDS,1,TRUE,11,TRUE,0
09E13,ESS_MEDS,1,TRUE,11,TRUE,0
09F01,ESS_MEDS,1,TRUE,11,TRUE,0
09F01Z,ESS_MEDS,1,TRUE,11,TRUE,0
09F02,ESS_MEDS,1,TRUE,11,TRUE,0
09F03,ESS_MEDS,1,TRUE,11,TRUE,0
09F03Z,ESS_MEDS,1,TRUE,11,TRUE,0
09F04,ESS_MEDS,1,TRUE,11,TRUE,0
09G01,ESS_MEDS,1,TRUE,11,TRUE,0
09G02,ESS_MEDS,1,TRUE,11,TRUE,0
09G03,ESS_MEDS,1,TRUE,11,TRUE,0
09G04,ESS_MEDS,1,TRUE,11,TRUE,0
09G05,ESS_MEDS,1,TRUE,11,TRUE,0
09H01,ESS_MEDS,1,TRUE,11,TRUE,0
09H02,ESS_MEDS,1,TRUE,11,TRUE,0
09H03,ESS_MEDS,1,TRUE,11,TRUE,0
09H04,ESS_MEDS,1,TRUE,11,TRUE,0
09H04Z,ESS_MEDS,1,TRUE,11,TRUE,0
10A01,ESS_MEDS,1,TRUE,11,TRUE,0
10A02,ESS_MEDS,1,TRUE,11,TRUE,0
10A03,ESS_MEDS,1,TRUE,11,TRUE,0
10A04,ESS_MEDS,1,TRUE,11,TRUE,0
10A04Z,ESS_MEDS,1,TRUE,11,TRUE,0
10A05,ESS_MEDS,1,TRUE,11,TRUE,0
10A06,ESS_MEDS,1,TRUE,11,TRUE,0
10A06Z,ESS_MEDS,1,TRUE,11,TRUE,0
10A07,ESS_MEDS,1,TRUE,11,TRUE,0
10A08,ESS_MEDS,1,TRUE,11,TRUE,0
10A08Z,ESS_MEDS,1,TRUE,11,TRUE,0
10A0XZ,ESS_MEDS,1,TRUE,11,TRUE,0
10A0ZZ,ESS_MEDS,1,TRUE,11,TRUE,0
1122,ESS_MEDS,1,TRUE,11,TRUE,0
11A01,ESS_MEDS,1,TRUE,11,TRUE,0
11A01Z,ESS_MEDS,1,TRUE,11,TRUE,0
11A02,ESS_MEDS,1,TRUE,11,TRUE,0
11A03,ESS_MEDS,1,TRUE,11,TRUE,0
11A03Z,ESS_MEDS,1,TRUE,11,TRUE,0
11A04,ESS_MEDS,1,TRUE,11,TRUE,0
11A05,ESS_MEDS,1,TRUE,11,TRUE,0
11A06,ESS_MEDS,1,TRUE,11,TRUE,0
11A07,ESS_MEDS,1,TRUE,11,TRUE,0
11A08,ESS_MEDS,1,TRUE,11,TRUE,0
11A09,ESS_MEDS,1,TRUE,11,TRUE,0
11A0VY,ESS_MEDS,1,TRUE,11,TRUE,0
11A0XX,ESS_MEDS,1,TRUE,11,TRUE,0
11A0XZ,ESS_MEDS,1,TRUE,11,TRUE,0
11A10,ESS_MEDS,1,TRUE,11,TRUE,0
11A11,ESS_MEDS,1,TRUE,11,TRUE,0
11A12,ESS_MEDS,1,TRUE,11,TRUE,0
11A13,ESS_MEDS,1,TRUE,11,TRUE,0
11A14,ESS_MEDS,1,TRUE,11,TRUE,0
11A15,ESS_MEDS,1,TRUE,11,TRUE,0
11A16,ESS_MEDS,1,TRUE,11,TRUE,0
11A17,ESS_MEDS,1,TRUE,11,TRUE,0
11A17Z,ESS_MEDS,1,TRUE,11,TRUE,0
11A18,ESS_MEDS,1,TRUE,11,TRUE,0
11A19,ESS_MEDS,1,TRUE,11,TRUE,0
11A1X,ESS_MEDS,1,TRUE,11,TRUE,0
11A1Y,ESS_MEDS,1,TRUE,11,TRUE,0
11A20,ESS_MEDS,1,TRUE,11,TRUE,0
11A21,ESS_MEDS,1,TRUE,11,TRUE,0
11A22,ESS_MEDS,1,TRUE,11,TRUE,0
11A23,ESS_MEDS,1,TRUE,11,TRUE,0
11A24,ESS_MEDS,1,TRUE,11,TRUE,0
11A25,ESS_MEDS,1,TRUE,11,TRUE,0
11A26,ESS_MEDS,1,TRUE,11,TRUE,0
12A01,ESS_MEDS,1,TRUE,11,TRUE,0
12A02,ESS_MEDS,1,TRUE,11,TRUE,0
12A03,ESS_MEDS,1,TRUE,11,TRUE,0
12A04,ESS_MEDS,1,TRUE,11,TRUE,0
12A05,ESS_MEDS,1,TRUE,11,TRUE,0
12A05Z,ESS_MEDS,1,TRUE,11,TRUE,0
12A06,ESS_MEDS,1,TRUE,11,TRUE,0
12A07,ESS_MEDS,1,TRUE,11,TRUE,0
12A08,ESS_MEDS,1,TRUE,11,TRUE,0
12A09,ESS_MEDS,1,TRUE,11,TRUE,0
12A09X,ESS_MEDS,1,TRUE,11,TRUE,0
12A0XX,ESS_MEDS,1,TRUE,11,TRUE,0
12A0ZW,ESS_MEDS,1,TRUE,11,TRUE,0
12A0ZX,ESS_MEDS,1,TRUE,11,TRUE,0
12A0ZY,ESS_MEDS,1,TRUE,11,TRUE,0
12A0ZZ,ESS_MEDS,1,TRUE,11,TRUE,0
12A10,ESS_MEDS,1,TRUE,11,TRUE,0
12A11,ESS_MEDS,1,TRUE,11,TRUE,0
12A12,ESS_MEDS,1,TRUE,11,TRUE,0
12A13,ESS_MEDS,1,TRUE,11,TRUE,0
12A14,ESS_MEDS,1,TRUE,11,TRUE,0
12B01,ESS_MEDS,1,TRUE,11,TRUE,0
12B02,ESS_MEDS,1,TRUE,11,TRUE,0
12B03,ESS_MEDS,1,TRUE,11,TRUE,0
12B03Y,ESS_MEDS,1,TRUE,11,TRUE,0
12B04,ESS_MEDS,1,TRUE,11,TRUE,0
12B04Z,ESS_MEDS,1,TRUE,11,TRUE,0
12B05,ESS_MEDS,1,TRUE,11,TRUE,0
12B06,ESS_MEDS,1,TRUE,11,TRUE,0
12B07,ESS_MEDS,1,TRUE,11,TRUE,0
12B08,ESS_MEDS,1,TRUE,11,TRUE,0
12B08Z,ESS_MEDS,1,TRUE,11,TRUE,0
12B09,ESS_MEDS,1,TRUE,11,TRUE,0
12B0XZ,ESS_MEDS,1,TRUE,11,TRUE,0
12B10,ESS_MEDS,1,TRUE,11,TRUE,0
12B10Y,ESS_MEDS,1,TRUE,11,TRUE,0
12B10Z,ESS_MEDS,1,TRUE,11,TRUE,0
12C02,ESS_MEDS,1,TRUE,11,TRUE,0
12C03,ESS_MEDS,1,TRUE,11,TRUE,0
12C04,ESS_MEDS,1,TRUE,11,TRUE,0
12C0ZZ,ESS_MEDS,1,TRUE,11,TRUE,0
12D01,ESS_MEDS,1,TRUE,11,TRUE,0
12D02,ESS_MEDS,1,TRUE,11,TRUE,0
12D02Z,ESS_MEDS,1,TRUE,11,TRUE,0
12D03,ESS_MEDS,1,TRUE,11,TRUE,0
12D03Z,ESS_MEDS,1,TRUE,11,TRUE,0
12D04,ESS_MEDS,1,TRUE,11,TRUE,0
12D05,ESS_MEDS,1,TRUE,11,TRUE,0
12D06,ESS_MEDS,1,TRUE,11,TRUE,0
12D06Z,ESS_MEDS,1,TRUE,11,TRUE,0
12D07,ESS_MEDS,1,TRUE,11,TRUE,0
12D08,ESS_MEDS,1,TRUE,11,TRUE,0
12D08Z,ESS_MEDS,1,TRUE,11,TRUE,0
12D09,ESS_MEDS,1,TRUE,11,TRUE,0
12D09Z,ESS_MEDS,1,TRUE,11,TRUE,0
12D0XZ,ESS_MEDS,1,TRUE,11,TRUE,0
12D10,ESS_MEDS,1,TRUE,11,TRUE,0
12D11,ESS_MEDS,1,TRUE,11,TRUE,0
12D12,ESS_MEDS,1,TRUE,11,TRUE,0
12D13,ESS_MEDS,1,TRUE,11,TRUE,0
12D14,ESS_MEDS,1,TRUE,11,TRUE,0
12D14Z,ESS_MEDS,1,TRUE,11,TRUE,0
12D15,ESS_MEDS,1,TRUE,11,TRUE,0
12D16,ESS_MEDS,1,TRUE,11,TRUE,0
12D17,ESS_MEDS,1,TRUE,11,TRUE,0
13A01,ESS_MEDS,1,TRUE,11,TRUE,0
13A02,ESS_MEDS,1,TRUE,11,TRUE,0
13A03,ESS_MEDS,1,TRUE,11,TRUE,0
13A04,ESS_MEDS,1,TRUE,11,TRUE,0
13A04Z,ESS_MEDS,1,TRUE,11,TRUE,0
13A05,ESS_MEDS,1,TRUE,11,TRUE,0
13A06,ESS_MEDS,1,TRUE,11,TRUE,0
13A07,ESS_MEDS,1,TRUE,11,TRUE,0
13A08,ESS_MEDS,1,TRUE,11,TRUE,0
13A08Z,ESS_MEDS,1,TRUE,11,TRUE,0
13A09,ESS_MEDS,1,TRUE,11,TRUE,0
13A0XY,ESS_MEDS,1,TRUE,11,TRUE,0
13A0XZ,ESS_MEDS,1,TRUE,11,TRUE,0
13A10,ESS_MEDS,1,TRUE,11,TRUE,0
13A10Z,ESS_MEDS,1,TRUE,11,TRUE,0
14A01,ESS_MEDS,1,TRUE,11,TRUE,0
14A01Z,ESS_MEDS,1,TRUE,11,TRUE,0
14A02,ESS_MEDS,1,TRUE,11,TRUE,0
14A03,ESS_MEDS,1,TRUE,11,TRUE,0
14A03Z,ESS_MEDS,1,TRUE,11,TRUE,0
14A04,ESS_MEDS,1,TRUE,11,TRUE,0
14A05,ESS_MEDS,1,TRUE,11,TRUE,0
14A06,ESS_MEDS,1,TRUE,11,TRUE,0
14A07,ESS_MEDS,1,TRUE,11,TRUE,0
14A08,ESS_MEDS,1,TRUE,11,TRUE,0
14A0Z,ESS_MEDS,1,TRUE,11,TRUE,0
14A0ZZ,ESS_MEDS,1,TRUE,11,TRUE,0
14B01,ESS_MEDS,1,TRUE,11,TRUE,0
14B02,ESS_MEDS,1,TRUE,11,TRUE,0
14B0ZZ,ESS_MEDS,1,TRUE,11,TRUE,0
14C01,ESS_MEDS,1,TRUE,11,TRUE,0
14D01,ESS_MEDS,1,TRUE,11,TRUE,0
14E01,ESS_MEDS,1,TRUE,11,TRUE,0
14E02,ESS_MEDS,1,TRUE,11,TRUE,0
14E03,ESS_MEDS,1,TRUE,11,TRUE,0
14E04,ESS_MEDS,1,TRUE,11,TRUE,0
15A01,ESS_MEDS,1,TRUE,11,TRUE,0
15A02,ESS_MEDS,1,TRUE,11,TRUE,0
15A03,ESS_MEDS,1,TRUE,11,TRUE,0
15A03Z,ESS_MEDS,1,TRUE,11,TRUE,0
15A04,ESS_MEDS,1,TRUE,11,TRUE,0
15A05,ESS_MEDS,1,TRUE,11,TRUE,0
15A06,ESS_MEDS,1,TRUE,11,TRUE,0
15A07,ESS_MEDS,1,TRUE,11,TRUE,0
15A08,ESS_MEDS,1,TRUE,11,TRUE,0
15A09,ESS_MEDS,1,TRUE,11,TRUE,0
15A0Z,ESS_MEDS,1,TRUE,11,TRUE,0
15A0ZY,ESS_MEDS,1,TRUE,11,TRUE,0
15A10,ESS_MEDS,1,TRUE,11,TRUE,0
15A11,ESS_MEDS,1,TRUE,11,TRUE,0
15A12,ESS_MEDS,1,TRUE,11,TRUE,0
15A13,ESS_MEDS,1,TRUE,11,TRUE,0
15A14,ESS_MEDS,1,TRUE,11,TRUE,0
15B01,ESS_MEDS,1,TRUE,11,TRUE,0
15B01Z,ESS_MEDS,1,TRUE,11,TRUE,0
15B02,ESS_MEDS,1,TRUE,11,TRUE,0
15B03,ESS_MEDS,1,TRUE,11,TRUE,0
15B03Z,ESS_MEDS,1,TRUE,11,TRUE,0
15B04,ESS_MEDS,1,TRUE,11,TRUE,0
15B05,ESS_MEDS,1,TRUE,11,TRUE,0
15B06,ESS_MEDS,1,TRUE,11,TRUE,0
15B07,ESS_MEDS,1,TRUE,11,TRUE,0
15B08,ESS_MEDS,1,TRUE,11,TRUE,0
15B09,ESS_MEDS,1,TRUE,11,TRUE,0
15B0XZ,ESS_MEDS,1,TRUE,11,TRUE,0
15B0Z,ESS_MEDS,1,TRUE,11,TRUE,0
15B0ZY,ESS_MEDS,1,TRUE,11,TRUE,0
15B10,ESS_MEDS,1,TRUE,11,TRUE,0
15B10Z,ESS_MEDS,1,TRUE,11,TRUE,0
15B11,ESS_MEDS,1,TRUE,11,TRUE,0
15B12,ESS_MEDS,1,TRUE,11,TRUE,0
15B13,ESS_MEDS,1,TRUE,11,TRUE,0
15B14,ESS_MEDS,1,TRUE,11,TRUE,0
15B15,ESS_MEDS,1,TRUE,11,TRUE,0
15B16,ESS_MEDS,1,TRUE,11,TRUE,0
15B17,ESS_MEDS,1,TRUE,11,TRUE,0
15B18,ESS_MEDS,1,TRUE,11,TRUE,0
15B19,ESS_MEDS,1,TRUE,11,TRUE,0
15B20,ESS_MEDS,1,TRUE,11,TRUE,0
15B21,ESS_MEDS,1,TRUE,11,TRUE,0
15B22,ESS_MEDS,1,TRUE,11,TRUE,0
15B22Z,ESS_MEDS,1,TRUE,11,TRUE,0
15C01,ESS_MEDS,1,TRUE,11,TRUE,0
15C02,ESS_MEDS,1,TRUE,11,TRUE,0
15C03,ESS_MEDS,1,TRUE,11,TRUE,0
15C03Z,ESS_MEDS,1,TRUE,11,TRUE,0
15C04,ESS_MEDS,1,TRUE,11,TRUE,0
15C05,ESS_MEDS,1,TRUE,11,TRUE,0
15C06,ESS_MEDS,1,TRUE,11,TRUE,0
15C06Z,ESS_MEDS,1,TRUE,11,TRUE,0
15C07,ESS_MEDS,1,TRUE,11,TRUE,0
15C08,ESS_MEDS,1,TRUE,11,TRUE,0
15C09,ESS_MEDS,1,TRUE,11,TRUE,0
15C0ZX,ESS_MEDS,1,TRUE,11,TRUE,0
15C10,ESS_MEDS,1,TRUE,11,TRUE,0
15C11,ESS_MEDS,1,TRUE,11,TRUE,0
15C12,ESS_MEDS,1,TRUE,11,TRUE,0
15C13,ESS_MEDS,1,TRUE,11,TRUE,0
15C13Z,ESS_MEDS,1,TRUE,11,TRUE,0
15C14,ESS_MEDS,1,TRUE,11,TRUE,0
15C15,ESS_MEDS,1,TRUE,11,TRUE,0
15C15Z,ESS_MEDS,1,TRUE,11,TRUE,0
15C16,ESS_MEDS,1,TRUE,11,TRUE,0
15C17,ESS_MEDS,1,TRUE,11,TRUE,0
15C18,ESS_MEDS,1,TRUE,11,TRUE,0
15C19,ESS_MEDS,1,TRUE,11,TRUE,0
15C20,ESS_MEDS,1,TRUE,11,TRUE,0
15C21,ESS_MEDS,1,TRUE,11,TRUE,0
15C22,ESS_MEDS,1,TRUE,11,TRUE,0
15C23,ESS_MEDS,1,TRUE,11,TRUE,0
15C24,ESS_MEDS,1,TRUE,11,TRUE,0
15C25,ESS_MEDS,1,TRUE,11,TRUE,0
15C26,ESS_MEDS,1,TRUE,11,TRUE,0
15C27,ESS_MEDS,1,TRUE,11,TRUE,0
15D01,ESS_MEDS,1,TRUE,11,TRUE,0
15D02,ESS_MEDS,1,TRUE,11,TRUE,0
15D03,ESS_MEDS,1,TRUE,11,TRUE,0
15D04,ESS_MEDS,1,TRUE,11,TRUE,0
15D05,ESS_MEDS,1,TRUE,11,TRUE,0
15D06,ESS_MEDS,1,TRUE,11,TRUE,0
15D07,ESS_MEDS,1,TRUE,11,TRUE,0
15D08,ESS_MEDS,1,TRUE,11,TRUE,0
15D08Z,ESS_MEDS,1,TRUE,11,TRUE,0
15D0YZ,ESS_MEDS,1,TRUE,11,TRUE,0
15D0ZW,ESS_MEDS,1,TRUE,11,TRUE,0
15D0ZX,ESS_MEDS,1,TRUE,11,TRUE,0
15D0ZY,ESS_MEDS,1,TRUE,11,TRUE,0
15E01,ESS_MEDS,1,TRUE,11,TRUE,0
15E02,ESS_MEDS,1,TRUE,11,TRUE,0
15E03,ESS_MEDS,1,TRUE,11,TRUE,0
15E04,ESS_MEDS,1,TRUE,11,TRUE,0
15E05,ESS_MEDS,1,TRUE,11,TRUE,0
15E0Z,ESS_MEDS,1,TRUE,11,TRUE,0
15F02,ESS_MEDS,1,TRUE,11,TRUE,0
15F03,ESS_MEDS,1,TRUE,11,TRUE,0
15F04,ESS_MEDS,1,TRUE,11,TRUE,0
15F05,ESS_MEDS,1,TRUE,11,TRUE,0
15G01,ESS_MEDS,1,TRUE,11,TRUE,0
15G01Z,ESS_MEDS,1,TRUE,11,TRUE,0
15G02,ESS_MEDS,1,TRUE,11,TRUE,0
15G0ZZ,ESS_MEDS,1,TRUE,11,TRUE,0
15H01,ESS_MEDS,1,TRUE,11,TRUE,0
15I01,ESS_MEDS,1,TRUE,11,TRUE,0
15J01,ESS_MEDS,1,TRUE,11,TRUE,0
15K01,ESS_MEDS,1,TRUE,11,TRUE,0
15K01Z,ESS_MEDS,1,TRUE,11,TRUE,0
15L01,ESS_MEDS,1,TRUE,11,TRUE,0
15L02,ESS_MEDS,1,TRUE,11,TRUE,0
16A01,ESS_MEDS,1,TRUE,11,TRUE,0
16A02,ESS_MEDS,1,TRUE,11,TRUE,0
16A03,ESS_MEDS,1,TRUE,11,TRUE,0
16A04,ESS_MEDS,1,TRUE,11,TRUE,0
16A05,ESS_MEDS,1,TRUE,11,TRUE,0
16A06,ESS_MEDS,1,TRUE,11,TRUE,0
16A07,ESS_MEDS,1,TRUE,11,TRUE,0
16C01,ESS_MEDS,1,TRUE,11,TRUE,0
16C02,ESS_MEDS,1,TRUE,11,TRUE,0
16C03,ESS_MEDS,1,TRUE,11,TRUE,0
16C04,ESS_MEDS,1,TRUE,11,TRUE,0
16C05,ESS_MEDS,1,TRUE,11,TRUE,0
16C06,ESS_MEDS,1,TRUE,11,TRUE,0
16C07,ESS_MEDS,1,TRUE,11,TRUE,0
16C08,ESS_MEDS,1,TRUE,11,TRUE,0
16D01,ESS_MEDS,1,TRUE,11,TRUE,0
16D02,ESS_MEDS,1,TRUE,11,TRUE,0
16D03,ESS_MEDS,1,TRUE,11,TRUE,0
16D04,ESS_MEDS,1,TRUE,11,TRUE,0
17A01,ESS_MEDS,1,TRUE,11,TRUE,0
17A02,ESS_MEDS,1,TRUE,11,TRUE,0
17A03,ESS_MEDS,1,TRUE,11,TRUE,0
17A04,ESS_MEDS,1,TRUE,11,TRUE,0
17A04Z,ESS_MEDS,1,TRUE,11,TRUE,0
17A05,ESS_MEDS,1,TRUE,11,TRUE,0
17A06,ESS_MEDS,1,TRUE,11,TRUE,0
17A07,ESS_MEDS,1,TRUE,11,TRUE,0
17B01,ESS_MEDS,1,TRUE,11,TRUE,0
17B01Z,ESS_MEDS,1,TRUE,11,TRUE,0
17B02,ESS_MEDS,1,TRUE,11,TRUE,0
17B03,ESS_MEDS,1,TRUE,11,TRUE,0
17B03X,ESS_MEDS,1,TRUE,11,TRUE,0
17B03Z,ESS_MEDS,1,TRUE,11,TRUE,0
17B04,ESS_MEDS,1,TRUE,11,TRUE,0
17B04Z,ESS_MEDS,1,TRUE,11,TRUE,0
17C01,ESS_MEDS,1,TRUE,11,TRUE,0
17C02,ESS_MEDS,1,TRUE,11,TRUE,0
17C03,ESS_MEDS,1,TRUE,11,TRUE,0
17C04,ESS_MEDS,1,TRUE,11,TRUE,0
17C05,ESS_MEDS,1,TRUE,11,TRUE,0
17C05Z,ESS_MEDS,1,TRUE,11,TRUE,0
17C06,ESS_MEDS,1,TRUE,11,TRUE,0
17C07,ESS_MEDS,1,TRUE,11,TRUE,0
17C07Z,ESS_MEDS,1,TRUE,11,TRUE,0
17C08,ESS_MEDS,1,TRUE,11,TRUE,0
17C0ZZ,ESS_MEDS,1,TRUE,11,TRUE,0
17D01,ESS_MEDS,1,TRUE,11,TRUE,0
17D01Z,ESS_MEDS,1,TRUE,11,TRUE,0
17D02,ESS_MEDS,1,TRUE,11,TRUE,0
17D03,ESS_MEDS,1,TRUE,11,TRUE,0
17D0YZ,ESS_MEDS,1,TRUE,11,TRUE,0
17D0ZZ,ESS_MEDS,1,TRUE,11,TRUE,0
17E01,ESS_MEDS,1,TRUE,11,TRUE,0
17E0ZZ,ESS_MEDS,1,TRUE,11,TRUE,0
17F01,ESS_MEDS,1,TRUE,11,TRUE,0
17F02,ESS_MEDS,1,TRUE,11,TRUE,0
17F03,ESS_MEDS,1,TRUE,11,TRUE,0
17F04,ESS_MEDS,1,TRUE,11,TRUE,0
17F05,ESS_MEDS,1,TRUE,11,TRUE,0
17F06,ESS_MEDS,1,TRUE,11,TRUE,0
17F07,ESS_MEDS,1,TRUE,11,TRUE,0
17F08,ESS_MEDS,1,TRUE,11,TRUE,0
17F09,ESS_MEDS,1,TRUE,11,TRUE,0
18A01,ESS_MEDS,1,TRUE,11,TRUE,0
18A02,ESS_MEDS,1,TRUE,11,TRUE,0
18A03,ESS_MEDS,1,TRUE,11,TRUE,0
18A04,ESS_MEDS,1,TRUE,11,TRUE,0
18A05,ESS_MEDS,1,TRUE,11,TRUE,0
18A0ZZ,ESS_MEDS,1,TRUE,11,TRUE,0
18B01,ESS_MEDS,1,TRUE,11,TRUE,0
18B02,ESS_MEDS,1,TRUE,11,TRUE,0
18B02Z,ESS_MEDS,1,TRUE,11,TRUE,0
18B03,ESS_MEDS,1,TRUE,11,TRUE,0
18B04,ESS_MEDS,1,TRUE,11,TRUE,0
18B05,ESS_MEDS,1,TRUE,11,TRUE,0
18B05Z,ESS_MEDS,1,TRUE,11,TRUE,0
18C01,ESS_MEDS,1,TRUE,11,TRUE,0
18C01Z,ESS_MEDS,1,TRUE,11,TRUE,0
18C02,ESS_MEDS,1,TRUE,11,TRUE,0
18C02Y,ESS_MEDS,1,TRUE,11,TRUE,0
18C02Z,ESS_MEDS,1,TRUE,11,TRUE,0
18C03,ESS_MEDS,1,TRUE,11,TRUE,0
18C03Y,ESS_MEDS,1,TRUE,11,TRUE,0
18C03Z,ESS_MEDS,1,TRUE,11,TRUE,0
18C05,ESS_MEDS,1,TRUE,11,TRUE,0
18C06,ESS_MEDS,1,TRUE,11,TRUE,0
18C06Z,ESS_MEDS,1,TRUE,11,TRUE,0
18C07,ESS_MEDS,1,TRUE,11,TRUE,0
18C07B,ESS_MEDS,1,TRUE,11,TRUE,0
18C07Z,ESS_MEDS,1,TRUE,11,TRUE,0
18C08,ESS_MEDS,1,TRUE,11,TRUE,0
18C09,ESS_MEDS,1,TRUE,11,TRUE,0
18C09Z,ESS_MEDS,1,TRUE,11,TRUE,0
18C10,ESS_MEDS,1,TRUE,11,TRUE,0
18C10X,ESS_MEDS,1,TRUE,11,TRUE,0
18C10Z,ESS_MEDS,1,TRUE,11,TRUE,0
18C11,ESS_MEDS,1,TRUE,11,TRUE,0
18C11Y,ESS_MEDS,1,TRUE,11,TRUE,0
18C11Z,ESS_MEDS,1,TRUE,11,TRUE,0
18D01,ESS_MEDS,1,TRUE,11,TRUE,0
18D02,ESS_MEDS,1,TRUE,11,TRUE,0
18D03,ESS_MEDS,1,TRUE,11,TRUE,0
18D03Z,ESS_MEDS,1,TRUE,11,TRUE,0
18D04,ESS_MEDS,1,TRUE,11,TRUE,0
18E01,ESS_MEDS,1,TRUE,11,TRUE,0
18F01,ESS_MEDS,1,TRUE,11,TRUE,0
18F01Z,ESS_MEDS,1,TRUE,11,TRUE,0
18F02,ESS_MEDS,1,TRUE,11,TRUE,0
18F02X,ESS_MEDS,1,TRUE,11,TRUE,0
18F03,ESS_MEDS,1,TRUE,11,TRUE,0
18F04,ESS_MEDS,1,TRUE,11,TRUE,0
18F05,ESS_MEDS,1,TRUE,11,TRUE,0
18F0ZZ,ESS_MEDS,1,TRUE,11,TRUE,0
19A01,ESS_MEDS,1,TRUE,11,TRUE,0
19A01Y,ESS_MEDS,1,TRUE,11,TRUE,0
19A01Z,ESS_MEDS,1,TRUE,11,TRUE,0
19A02,ESS_MEDS,1,TRUE,11,TRUE,0
19A03,ESS_MEDS,1,TRUE,11,TRUE,0
19A04,ESS_MEDS,1,TRUE,11,TRUE,0
19A05,ESS_MEDS,1,TRUE,11,TRUE,0
19A06,ESS_MEDS,1,TRUE,11,TRUE,0
19B01,ESS_MEDS,1,TRUE,11,TRUE,0
19B02,ESS_MEDS,1,TRUE,11,TRUE,0
19B03,ESS_MEDS,1,TRUE,11,TRUE,0
19B04,ESS_MEDS,1,TRUE,11,TRUE,0
19B05,ESS_MEDS,1,TRUE,11,TRUE,0
19B06,ESS_MEDS,1,TRUE,11,TRUE,0
19B07,ESS_MEDS,1,TRUE,11,TRUE,0
19B08,ESS_MEDS,1,TRUE,11,TRUE,0
19B09,ESS_MEDS,1,TRUE,11,TRUE,0
19B10,ESS_MEDS,1,TRUE,11,TRUE,0
19B11,ESS_MEDS,1,TRUE,11,TRUE,0
19B12,ESS_MEDS,1,TRUE,11,TRUE,0
20A01,ESS_MEDS,1,TRUE,11,TRUE,0
20A03,ESS_MEDS,1,TRUE,11,TRUE,0
20A04Z,ESS_MEDS,1,TRUE,11,TRUE,0
20A06,ESS_MEDS,1,TRUE,11,TRUE,0
20A08,ESS_MEDS,1,TRUE,11,TRUE,0
20A08Z,ESS_MEDS,1,TRUE,11,TRUE,0
20A09,ESS_MEDS,1,TRUE,11,TRUE,0
20A09ZY,ESS_MEDS,1,TRUE,11,TRUE,0
20A0X,ESS_MEDS,1,TRUE,11,TRUE,0
20A10,ESS_MEDS,1,TRUE,11,TRUE,0
20A11,ESS_MEDS,1,TRUE,11,TRUE,0
20A11Y,ESS_MEDS,1,TRUE,11,TRUE,0
20A12,ESS_MEDS,1,TRUE,11,TRUE,0
20A14,ESS_MEDS,1,TRUE,11,TRUE,0
20A15,ESS_MEDS,1,TRUE,11,TRUE,0
20A16,ESS_MEDS,1,TRUE,11,TRUE,0
21A01,ESS_MEDS,1,TRUE,11,TRUE,0
21A02,ESS_MEDS,1,TRUE,11,TRUE,0
21A04,ESS_MEDS,1,TRUE,11,TRUE,0
21A05,ESS_MEDS,1,TRUE,11,TRUE,0
21A06,ESS_MEDS,1,TRUE,11,TRUE,0
21A07,ESS_MEDS,1,TRUE,11,TRUE,0
21A08,ESS_MEDS,1,TRUE,11,TRUE,0
21A09,ESS_MEDS,1,TRUE,11,TRUE,0
21A10,ESS_MEDS,1,TRUE,11,TRUE,0
21A11,ESS_MEDS,1,TRUE,11,TRUE,0
21A12,ESS_MEDS,1,TRUE,11,TRUE,0
21A13,ESS_MEDS,1,TRUE,11,TRUE,0
21A14,ESS_MEDS,1,TRUE,11,TRUE,0
22A01,ESS_MEDS,1,TRUE,11,TRUE,0
22A02,ESS_MEDS,1,TRUE,11,TRUE,0
22A03,ESS_MEDS,1,TRUE,11,TRUE,0
22A03Y,ESS_MEDS,1,TRUE,11,TRUE,0
22A03Z,ESS_MEDS,1,TRUE,11,TRUE,0
22A04,ESS_MEDS,1,TRUE,11,TRUE,0
22A05,ESS_MEDS,1,TRUE,11,TRUE,0
22A06,ESS_MEDS,1,TRUE,11,TRUE,0
22A07,ESS_MEDS,1,TRUE,11,TRUE,0
22A08,ESS_MEDS,1,TRUE,11,TRUE,0
22B01,ESS_MEDS,1,TRUE,11,TRUE,0
22B05Y,ESS_MEDS,1,TRUE,11,TRUE,0
22B05Z,ESS_MEDS,1,TRUE,11,TRUE,0
22B0YZ,ESS_MEDS,1,TRUE,11,TRUE,0
23A01,ESS_MEDS,1,TRUE,11,TRUE,0
23A02,ESS_MEDS,1,TRUE,11,TRUE,0
23A02Y,ESS_MEDS,1,TRUE,11,TRUE,0
23A02Z,ESS_MEDS,1,TRUE,11,TRUE,0
23A03,ESS_MEDS,1,TRUE,11,TRUE,0
23A04,ESS_MEDS,1,TRUE,11,TRUE,0
23A05,ESS_MEDS,1,TRUE,11,TRUE,0
23A07,ESS_MEDS,1,TRUE,11,TRUE,0
23A08,ESS_MEDS,1,TRUE,11,TRUE,0
23A09,ESS_MEDS,1,TRUE,11,TRUE,0
23A10,ESS_MEDS,1,TRUE,11,TRUE,0
23B01,ESS_MEDS,1,TRUE,11,TRUE,0
23B02,ESS_MEDS,1,TRUE,11,TRUE,0
23B03,ESS_MEDS,1,TRUE,11,TRUE,0
23C01,ESS_MEDS,1,TRUE,11,TRUE,0
23C02,ESS_MEDS,1,TRUE,11,TRUE,0
23C03,ESS_MEDS,1,TRUE,11,TRUE,0
23C04,ESS_MEDS,1,TRUE,11,TRUE,0
23C05,ESS_MEDS,1,TRUE,11,TRUE,0
23C06,ESS_MEDS,1,TRUE,11,TRUE,0
23D01,ESS_MEDS,1,TRUE,11,TRUE,0
23D02,ESS_MEDS,1,TRUE,11,TRUE,0
23D03,ESS_MEDS,1,TRUE,11,TRUE,0
23D03Z,ESS_MEDS,1,TRUE,11,TRUE,0
23D04,ESS_MEDS,1,TRUE,11,TRUE,0
23D05,ESS_MEDS,1,TRUE,11,TRUE,0
23D06,ESS_MEDS,1,TRUE,11,TRUE,0
23D07,ESS_MEDS,1,TRUE,11,TRUE,0
23D08,ESS_MEDS,1,TRUE,11,TRUE,0
23D09,ESS_MEDS,1,TRUE,11,TRUE,0
23D10,ESS_MEDS,1,TRUE,11,TRUE,0
23D11,ESS_MEDS,1,TRUE,11,TRUE,0
23D12,ESS_MEDS,1,TRUE,11,TRUE,0
23D12Z,ESS_MEDS,1,TRUE,11,TRUE,0
23E01,ESS_MEDS,1,TRUE,11,TRUE,0
23E01Z,ESS_MEDS,1,TRUE,11,TRUE,0
23E02,ESS_MEDS,1,TRUE,11,TRUE,0
23E02Z,ESS_MEDS,1,TRUE,11,TRUE,0
24A01,ESS_MEDS,1,TRUE,11,TRUE,0
24A01Z,ESS_MEDS,1,TRUE,11,TRUE,0
24A02,ESS_MEDS,1,TRUE,11,TRUE,0
24A02Z,ESS_MEDS,1,TRUE,11,TRUE,0
24A03,ESS_MEDS,1,TRUE,11,TRUE,0
24A04,ESS_MEDS,1,TRUE,11,TRUE,0
24A04Z,ESS_MEDS,1,TRUE,11,TRUE,0
24A05,ESS_MEDS,1,TRUE,11,TRUE,0
24A05Z,ESS_MEDS,1,TRUE,11,TRUE,0
24A23Z,ESS_MEDS,1,TRUE,11,TRUE,0
24B01,ESS_MEDS,1,TRUE,11,TRUE,0
24B02,ESS_MEDS,1,TRUE,11,TRUE,0
24B03,ESS_MEDS,1,TRUE,11,TRUE,0
24B03Z,ESS_MEDS,1,TRUE,11,TRUE,0
24B04,ESS_MEDS,1,TRUE,11,TRUE,0
24B05,ESS_MEDS,1,TRUE,11,TRUE,0
24B05Z,ESS_MEDS,1,TRUE,11,TRUE,0
24B06,ESS_MEDS,1,TRUE,11,TRUE,0
24B07,ESS_MEDS,1,TRUE,11,TRUE,0
24B08,ESS_MEDS,1,TRUE,11,TRUE,0
24B09,ESS_MEDS,1,TRUE,11,TRUE,0
24B10,ESS_MEDS,1,TRUE,11,TRUE,0
24C01,ESS_MEDS,1,TRUE,11,TRUE,0
24C02,ESS_MEDS,1,TRUE,11,TRUE,0
24D01,ESS_MEDS,1,TRUE,11,TRUE,0
24D02,ESS_MEDS,1,TRUE,11,TRUE,0
24D03,ESS_MEDS,1,TRUE,11,TRUE,0
24D04,ESS_MEDS,1,TRUE,11,TRUE,0
24D05,ESS_MEDS,1,TRUE,11,TRUE,0
24D06,ESS_MEDS,1,TRUE,11,TRUE,0
24D07,ESS_MEDS,1,TRUE,11,TRUE,0
25A01,ESS_MEDS,1,TRUE,11,TRUE,0
25A02,ESS_MEDS,1,TRUE,11,TRUE,0
25A03,ESS_MEDS,1,TRUE,11,TRUE,0
25A04,ESS_MEDS,1,TRUE,11,TRUE,0
25A06,ESS_MEDS,1,TRUE,11,TRUE,0
25A07,ESS_MEDS,1,TRUE,11,TRUE,0
25A08,ESS_MEDS,1,TRUE,11,TRUE,0
25A09,ESS_MEDS,1,TRUE,11,TRUE,0
25A09Y,ESS_MEDS,1,TRUE,11,TRUE,0
25A10,ESS_MEDS,1,TRUE,11,TRUE,0
25B01,ESS_MEDS,1,TRUE,11,TRUE,0
25B02,ESS_MEDS,1,TRUE,11,TRUE,0
25B02Z,ESS_MEDS,1,TRUE,11,TRUE,0
25B03,ESS_MEDS,1,TRUE,11,TRUE,0
25B04,ESS_MEDS,1,TRUE,11,TRUE,0
25B05,ESS_MEDS,1,TRUE,11,TRUE,0
25B06,ESS_MEDS,1,TRUE,11,TRUE,0
25B07,ESS_MEDS,1,TRUE,11,TRUE,0
25C01,ESS_MEDS,1,TRUE,11,TRUE,0
25D01,ESS_MEDS,1,TRUE,11,TRUE,0
25D02,ESS_MEDS,1,TRUE,11,TRUE,0
25D03,ESS_MEDS,1,TRUE,11,TRUE,0
25D04,ESS_MEDS,1,TRUE,11,TRUE,0
26A01,ESS_MEDS,1,TRUE,11,TRUE,0
26A02,ESS_MEDS,1,TRUE,11,TRUE,0
26A06Z,ESS_MEDS,1,TRUE,11,TRUE,0
26B01,ESS_MEDS,1,TRUE,11,TRUE,0
26B02,ESS_MEDS,1,TRUE,11,TRUE,0
26B03,ESS_MEDS,1,TRUE,11,TRUE,0
26B04,ESS_MEDS,1,TRUE,11,TRUE,0
26B05,ESS_MEDS,1,TRUE,11,TRUE,0
26B06,ESS_MEDS,1,TRUE,11,TRUE,0
26B07,ESS_MEDS,1,TRUE,11,TRUE,0
FC001,ESS_MEDS,1,TRUE,11,TRUE,0
FC0015,ESS_MEDS,1,TRUE,11,TRUE,0