Facility Type Code,Program Code,Product Code,Max months of stock
CSRUR-II,MMIA,08S01,1
CSRUR-II,MMIA,08S01B,1
CSRUR-II,MMIA,08S01ZZ,1
CSRUR-II,MMIA,08S13,1
CSRUR-II,MMIA,08S15,1
CSRUR-II,MMIA,08S17,1
CSRUR-II,MMIA,08S18Y,1
CSRUR-II,MMIA,08S18Z,1
CSRUR-II,MMIA,08S19,1
CSRUR-II,MMIA,08S20,1
CSRUR-II,MMIA,08S21,1
CSRUR-II,MMIA,08S22,1
CSRUR-II,MMIA,08S23,1
CSRUR-II,MMIA,08S32,1
CSRUR-II,MMIA,08S32Z,1
CSRUR-II,MMIA,08S34B,1
CSRUR-II,MMIA,08S38,1
CSRUR-II,MMIA,08S39B,1
CSRUR-II,MMIA,08S39Y,1
CSRUR-II,MMIA,08S39Z,1
CSRUR-II,MMIA,08S40,1
CSRUR-II,MMIA,08S40Z,1
CSRUR-II,MMIA,08S42,1
CSRUR-II,MMIA,08S42B,1
CSRUR-I,MMIA,08S01,1
CSRUR-I,MMIA,08S01B,1
CSRUR-I,MMIA,08S01ZZ,1
CSRUR-I,MMIA,08S13,1
CSRUR-I,MMIA,08S15,1
CSRUR-I,MMIA,08S17,1
CSRUR-I,MMIA,08S18Y,1
CSRUR-I,MMIA,08S18Z,1
CSRUR-I,MMIA,08S19,1
CSRUR-I,MMIA,08S20,1
CSRUR-I,MMIA,08S21,1
CSRUR-I,MMIA,08S22,1
CSRUR-I,MMIA,08S23,1
CSRUR-I,MMIA,08S32,1
CSRUR-I,MMIA,08S32Z,1
CSRUR-I,MMIA,08S34B,1
CSRUR-I,MMIA,08S38,1
CSRUR-I,MMIA,08S39B,1
CSRUR-I,MMIA,08S39Y,1
CSRUR-I,MMIA,08S39Z,1
CSRUR-I,MMIA,08S40,1
CSRUR-I,MMIA,08S40Z,1
CSRUR-I,MMIA,08S42,1
CSRUR-I,MMIA,08S42B,1
CSRUR-I,ESS_MEDS,01A01,1
CSRUR-I,ESS_MEDS,01A02,1
CSRUR-I,ESS_MEDS,01A03,1
CSRUR-I,ESS_MEDS,01A03Z,1
CSRUR-I,ESS_MEDS,01A04,1
CSRUR-I,ESS_MEDS,01A04Z,1
CSRUR-I,ESS_MEDS,01A05,1
CSRUR-I,ESS_MEDS,01A0ZZ,1
CSRUR-I,ESS_MEDS,01B01,1
CSRUR-I,ESS_MEDS,01B02,1
CSRUR-I,ESS_MEDS,01B03,1
CSRUR-I,ESS_MEDS,01B04,1
CSRUR-I,ESS_MEDS,01B05,1
CSRUR-I,ESS_MEDS,01C01,1
CSRUR-I,ESS_MEDS,01C01Z,1
CSRUR-I,ESS_MEDS,01C02,1
CSRUR-I,ESS_MEDS,01C03,1
CSRUR-I,ESS_MEDS,01C04,1
CSRUR-I,ESS_MEDS,01C05,1
CSRUR-I,ESS_MEDS,01C0XZ,1
CSRUR-I,ESS_MEDS,01E01,1
CSRUR-I,ESS_MEDS,01E01Y,1
CSRUR-I,ESS_MEDS,01E01Z,1
CSRUR-I,ESS_MEDS,01E02,1
CSRUR-I,ESS_MEDS,01E03,1
CSRUR-I,ESS_MEDS,01F01,1
CSRUR-I,ESS_MEDS,01F01Z,1
CSRUR-I,ESS_MEDS,01F02,1
CSRUR-I,ESS_MEDS,01F02Z,1
CSRUR-I,ESS_MEDS,01G01,1
CSRUR-I,ESS_MEDS,01G01Z,1
CSRUR-I,ESS_MEDS,01G02,1
CSRUR-I,ESS_MEDS,01G03,1
CSRUR-I,ESS_MEDS,01G04,1
CSRUR-I,ESS_MEDS,01H01,1
CSRUR-I,ESS_MEDS,01H02,1
CSRUR-I,ESS_MEDS,01I01,1
CSRUR-I,ESS_MEDS,01J01,1
CSRUR-I,ESS_MEDS,01J02,1
CSRUR-I,ESS_MEDS,01J02Z,1
CSRUR-I,ESS_MEDS,01J0ZZ,1
CSRUR-I,ESS_MEDS,01K0ZZ,1
CSRUR-I,ESS_MEDS,02A01,1
CSRUR-I,ESS_MEDS,02A02,1
CSRUR-I,ESS_MEDS,02A02Z,1
CSRUR-I,ESS_MEDS,02A03,1
CSRUR-I,ESS_MEDS,02A03Y,1
CSRUR-I,ESS_MEDS,02A03Z,1
CSRUR-I,ESS_MEDS,02A04,1
CSRUR-I,ESS_MEDS,02A05,1
CSRUR-I,ESS_MEDS,02A06,1
CSRUR-I,ESS_MEDS,02A07,1
CSRUR-I,ESS_MEDS,02A0ZY,1
CSRUR-I,ESS_MEDS,02A0ZZ,1
CSRUR-I,ESS_MEDS,02B01,1
CSRUR-I,ESS_MEDS,02B02,1
CSRUR-I,ESS_MEDS,02B03,1
CSRUR-I,ESS_MEDS,02B0ZZ,1
CSRUR-I,ESS_MEDS,02C01,1
CSRUR-I,ESS_MEDS,02C02,1
CSRUR-I,ESS_MEDS,02C03,1
CSRUR-I,ESS_MEDS,02D01,1
CSRUR-I,ESS_MEDS,02D02,1
CSRUR-I,ESS_MEDS,02D03,1
CSRUR-I,ESS_MEDS,02D04,1
CSRUR-I,ESS_MEDS,02D04Z,1
CSRUR-I,ESS_MEDS,02D05,1
CSRUR-I,ESS_MEDS,02D06,1
CSRUR-I,ESS_MEDS,02D06Z,1
CSRUR-I,ESS_MEDS,02D07,1
CSRUR-I,ESS_MEDS,02D08,1
CSRUR-I,ESS_MEDS,02E01,1
CSRUR-I,ESS_MEDS,02E02,1
CSRUR-I,ESS_MEDS,02F01,1
CSRUR-I,ESS_MEDS,02F02,1
CSRUR-I,ESS_MEDS,02F0ZZ,1
CSRUR-I,ESS_MEDS,02G01,1
CSRUR-I,ESS_MEDS,02G02,1
CSRUR-I,ESS_MEDS,02G02Z,1
CSRUR-I,ESS_MEDS,02H01,1
CSRUR-I,ESS_MEDS,02H01Z,1
CSRUR-I,ESS_MEDS,02H0YY,1
CSRUR-I,ESS_MEDS,02H0YZ,1
CSRUR-I,ESS_MEDS,02H0ZY,1
CSRUR-I,ESS_MEDS,02H0ZZ,1
CSRUR-I,ESS_MEDS,02I01,1
CSRUR-I,ESS_MEDS,02I02,1
CSRUR-I,ESS_MEDS,02I02X,1
CSRUR-I,ESS_MEDS,02I02Y,1
CSRUR-I,ESS_MEDS,03A01,1
CSRUR-I,ESS_MEDS,03A01Z,1
CSRUR-I,ESS_MEDS,03A02,1
CSRUR-I,ESS_MEDS,03A03,1
CSRUR-I,ESS_MEDS,03A04,1
CSRUR-I,ESS_MEDS,03A05,1
CSRUR-I,ESS_MEDS,03A06,1
CSRUR-I,ESS_MEDS,03A07,1
CSRUR-I,ESS_MEDS,03A07Z,1
CSRUR-I,ESS_MEDS,03B01,1
CSRUR-I,ESS_MEDS,03B02,1
CSRUR-I,ESS_MEDS,03B03,1
CSRUR-I,ESS_MEDS,03B04,1
CSRUR-I,ESS_MEDS,03B05,1
CSRUR-I,ESS_MEDS,03B06,1
CSRUR-I,ESS_MEDS,03B06X,1
CSRUR-I,ESS_MEDS,03B07,1
CSRUR-I,ESS_MEDS,03B08,1
CSRUR-I,ESS_MEDS,03B09,1
CSRUR-I,ESS_MEDS,03B0ZY,1
CSRUR-I,ESS_MEDS,03B0ZZ,1
CSRUR-I,ESS_MEDS,03B10,1
CSRUR-I,ESS_MEDS,03B11,1
CSRUR-I,ESS_MEDS,03B12,1
CSRUR-I,ESS_MEDS,03B13,1
CSRUR-I,ESS_MEDS,03B14,1
CSRUR-I,ESS_MEDS,03D01,1
CSRUR-I,ESS_MEDS,03D02,1
CSRUR-I,ESS_MEDS,03D02Z,1
CSRUR-I,ESS_MEDS,03D03,1
CSRUR-I,ESS_MEDS,03D03Z,1
CSRUR-I,ESS_MEDS,03D04,1
CSRUR-I,ESS_MEDS,03E01,1
CSRUR-I,ESS_MEDS,03E02,1
CSRUR-I,ESS_MEDS,04A01,1
CSRUR-I,ESS_MEDS,04A02,1
CSRUR-I,ESS_MEDS,04A03,1
CSRUR-I,ESS_MEDS,04A03Z,1
CSRUR-I,ESS_MEDS,04A04,1
CSRUR-I,ESS_MEDS,04A05,1
CSRUR-I,ESS_MEDS,04A06,1
CSRUR-I,ESS_MEDS,04A07,1
CSRUR-I,ESS_MEDS,04A08,1
CSRUR-I,ESS_MEDS,04A09,1
CSRUR-I,ESS_MEDS,04B01,1
CSRUR-I,ESS_MEDS,04B02,1
CSRUR-I,ESS_MEDS,04B03,1
CSRUR-I,ESS_MEDS,04B03Y,1
CSRUR-I,ESS_MEDS,04B03Z,1
CSRUR-I,ESS_MEDS,04B04,1
CSRUR-I,ESS_MEDS,04B04Z,1
CSRUR-I,ESS_MEDS,04B05,1
CSRUR-I,ESS_MEDS,04B05Z,1
CSRUR-I,ESS_MEDS,04B06,1
CSRUR-I,ESS_MEDS,04B07,1
CSRUR-I,ESS_MEDS,04B07Z,1
CSRUR-I,ESS_MEDS,04C01,1
CSRUR-I,ESS_MEDS,04C02,1
CSRUR-I,ESS_MEDS,04D01,1
CSRUR-I,ESS_MEDS,04D02,1
CSRUR-I,ESS_MEDS,04D02Z,1
CSRUR-I,ESS_MEDS,04D03,1
CSRUR-I,ESS_MEDS,04D04,1
CSRUR-I,ESS_MEDS,04D05,1
CSRUR-I,ESS_MEDS,04D06,1
CSRUR-I,ESS_MEDS,04D07,1
CSRUR-I,ESS_MEDS,04D08,1
CSRUR-I,ESS_MEDS,04D09,1
CSRUR-I,ESS_MEDS,04D10,1
CSRUR-I,ESS_MEDS,04E01,1
CSRUR-I,ESS_MEDS,04E02,1
CSRUR-I,ESS_MEDS,04E03,1
CSRUR-I,ESS_MEDS,04E03Z,1
CSRUR-I,ESS_MEDS,04E04,1
CSRUR-I,ESS_MEDS,04E05,1
CSRUR-I,ESS_MEDS,04E06,1
CSRUR-I,ESS_MEDS,04E07,1
CSRUR-I,ESS_MEDS,04E07Z,1
CSRUR-I,ESS_MEDS,04E08,1
CSRUR-I,ESS_MEDS,04E09,1
CSRUR-I,ESS_MEDS,04E0YZ,1
CSRUR-I,ESS_MEDS,04E10,1
CSRUR-I,ESS_MEDS,04E11,1
CSRUR-I,ESS_MEDS,04E12,1
CSRUR-I,ESS_MEDS,04F01,1
CSRUR-I,ESS_MEDS,04F02,1
CSRUR-I,ESS_MEDS,04F03,1
CSRUR-I,ESS_MEDS,04F04,1
CSRUR-I,ESS_MEDS,04F05,1
CSRUR-I,ESS_MEDS,04F06,1
CSRUR-I,ESS_MEDS,04F06W,1
CSRUR-I,ESS_MEDS,04F06Y,1
CSRUR-I,ESS_MEDS,04F06Z,1
CSRUR-I,ESS_MEDS,04F07,1
CSRUR-I,ESS_MEDS,04F07Z,1
CSRUR-I,ESS_MEDS,04F08,1
CSRUR-I,ESS_MEDS,04F08Z,1
CSRUR-I,ESS_MEDS,04F09,1
CSRUR-I,ESS_MEDS,04F0XX,1
CSRUR-I,ESS_MEDS,04F0XY,1
CSRUR-I,ESS_MEDS,04F0XZ,1
CSRUR-I,ESS_MEDS,04F0YW,1
CSRUR-I,ESS_MEDS,04F0YZ,1
CSRUR-I,ESS_MEDS,04F0ZY,1
CSRUR-I,ESS_MEDS,04F0ZZ,1
CSRUR-I,ESS_MEDS,04F10,1
CSRUR-I,ESS_MEDS,04G01,1
CSRUR-I,ESS_MEDS,04G02,1
CSRUR-I,ESS_MEDS,04G03,1
CSRUR-I,ESS_MEDS,04G04,1
CSRUR-I,ESS_MEDS,04H01,1
CSRUR-I,ESS_MEDS,04H02,1
CSRUR-I,ESS_MEDS,04H03,1
CSRUR-I,ESS_MEDS,04H04,1
CSRUR-I,ESS_MEDS,04I01,1
CSRUR-I,ESS_MEDS,04J01,1
CSRUR-I,ESS_MEDS,04J02,1
CSRUR-I,ESS_MEDS,04J03,1
CSRUR-I,ESS_MEDS,04K01,1
CSRUR-I,ESS_MEDS,04K02,1
CSRUR-I,ESS_MEDS,04K03,1
CSRUR-I,ESS_MEDS,04K04,1
CSRUR-I,ESS_MEDS,04K05,1
CSRUR-I,ESS_MEDS,04K06,1
CSRUR-I,ESS_MEDS,04K07,1
CSRUR-I,ESS_MEDS,04K08,1
CSRUR-I,ESS_MEDS,05A01,1
CSRUR-I,ESS_MEDS,05A01Z,1
CSRUR-I,ESS_MEDS,05A02,1
CSRUR-I,ESS_MEDS,05A02Z,1
CSRUR-I,ESS_MEDS,05A03,1
CSRUR-I,ESS_MEDS,05A03Z,1
CSRUR-I,ESS_MEDS,05A04,1
CSRUR-I,ESS_MEDS,05A05,1
CSRUR-I,ESS_MEDS,05A06,1
CSRUR-I,ESS_MEDS,05A07,1
CSRUR-I,ESS_MEDS,05A07Z,1
CSRUR-I,ESS_MEDS,05A08,1
CSRUR-I,ESS_MEDS,05A09,1
CSRUR-I,ESS_MEDS,05A09Z,1
CSRUR-I,ESS_MEDS,05A10,1
CSRUR-I,ESS_MEDS,05A11,1
CSRUR-I,ESS_MEDS,05A12,1
CSRUR-I,ESS_MEDS,05A13,1
CSRUR-I,ESS_MEDS,05A14,1
CSRUR-I,ESS_MEDS,05B01,1
CSRUR-I,ESS_MEDS,05B02,1
CSRUR-I,ESS_MEDS,05B0X,1
CSRUR-I,ESS_MEDS,05B0ZZ,1
CSRUR-I,ESS_MEDS,06A01,1
CSRUR-I,ESS_MEDS,06A02,1
CSRUR-I,ESS_MEDS,06A03,1
CSRUR-I,ESS_MEDS,06A04,1
CSRUR-I,ESS_MEDS,06A05,1
CSRUR-I,ESS_MEDS,06A06,1
CSRUR-I,ESS_MEDS,06A07,1
CSRUR-I,ESS_MEDS,06A07Y,1
CSRUR-I,ESS_MEDS,06A0YZ,1
CSRUR-I,ESS_MEDS,06A0ZY,1
CSRUR-I,ESS_MEDS,06A0ZZ,1
CSRUR-I,ESS_MEDS,06C01,1
CSRUR-I,ESS_MEDS,06D01,1
CSRUR-I,ESS_MEDS,06D01Z,1
CSRUR-I,ESS_MEDS,06D02,1
CSRUR-I,ESS_MEDS,06D03,1
CSRUR-I,ESS_MEDS,06D0ZZ,1
CSRUR-I,ESS_MEDS,06E01,1
CSRUR-I,ESS_MEDS,06E02,1
CSRUR-I,ESS_MEDS,06E03,1
CSRUR-I,ESS_MEDS,06E04,1
CSRUR-I,ESS_MEDS,06F01,1
CSRUR-I,ESS_MEDS,06F02,1
CSRUR-I,ESS_MEDS,06F03,1
CSRUR-I,ESS_MEDS,06F04,1
CSRUR-I,ESS_MEDS,06F05,1
CSRUR-I,ESS_MEDS,06F06,1
CSRUR-I,ESS_MEDS,06F06Y,1
CSRUR-I,ESS_MEDS,06F06Z,1
CSRUR-I,ESS_MEDS,06F07,1
CSRUR-I,ESS_MEDS,06F07Y,1
CSRUR-I,ESS_MEDS,06F07Z,1
CSRUR-I,ESS_MEDS,06F08,1
CSRUR-I,ESS_MEDS,06F0ZY,1
CSRUR-I,ESS_MEDS,06F0ZZ,1
CSRUR-I,ESS_MEDS,07A01,1
CSRUR-I,ESS_MEDS,07A02,1
CSRUR-I,ESS_MEDS,07A02T,1
CSRUR-I,ESS_MEDS,07A02Z,1
CSRUR-I,ESS_MEDS,07A03,1
CSRUR-I,ESS_MEDS,07A04,1
CSRUR-I,ESS_MEDS,07A05,1
CSRUR-I,ESS_MEDS,07A05Z,1
CSRUR-I,ESS_MEDS,07A06,1
CSRUR-I,ESS_MEDS,07A06Y,1
CSRUR-I,ESS_MEDS,07A06Z,1
CSRUR-I,ESS_MEDS,07A0WZ,1
CSRUR-I,ESS_MEDS,07A0ZW,1
CSRUR-I,ESS_MEDS,07A0ZX,1
CSRUR-I,ESS_MEDS,07A0ZZ,1
CSRUR-I,ESS_MEDS,07B01,1
CSRUR-I,ESS_MEDS,07B02,1
CSRUR-I,ESS_MEDS,07B03,1
CSRUR-I,ESS_MEDS,07B04,1
CSRUR-I,ESS_MEDS,07B05,1
CSRUR-I,ESS_MEDS,07B06,1
CSRUR-I,ESS_MEDS,07B07,1
CSRUR-I,ESS_MEDS,07B08,1
CSRUR-I,ESS_MEDS,07B09,1
CSRUR-I,ESS_MEDS,07B10,1
CSRUR-I,ESS_MEDS,07B10Z,1
CSRUR-I,ESS_MEDS,07B11,1
CSRUR-I,ESS_MEDS,07C01,1
CSRUR-I,ESS_MEDS,07C02,1
CSRUR-I,ESS_MEDS,07D01,1
CSRUR-I,ESS_MEDS,07D01Z,1
CSRUR-I,ESS_MEDS,07D02,1
CSRUR-I,ESS_MEDS,07D03,1
CSRUR-I,ESS_MEDS,07D04,1
CSRUR-I,ESS_MEDS,07D04Z,1
CSRUR-I,ESS_MEDS,07D05,1
CSRUR-I,ESS_MEDS,07D06,1
CSRUR-I,ESS_MEDS,07D07,1
CSRUR-I,ESS_MEDS,07D08,1
CSRUR-I,ESS_MEDS,07D08Z,1
CSRUR-I,ESS_MEDS,07D09,1
CSRUR-I,ESS_MEDS,07D10,1
CSRUR-I,ESS_MEDS,07D11,1
CSRUR-I,ESS_MEDS,07D12,1
CSRUR-I,ESS_MEDS,07D13,1
CSRUR-I,ESS_MEDS,07D14,1
CSRUR-I,ESS_MEDS,07E01,1
CSRUR-I,ESS_MEDS,07E02,1
CSRUR-I,ESS_MEDS,07F01,1
CSRUR-I,ESS_MEDS,07F02,1
CSRUR-I,ESS_MEDS,07F03,1
CSRUR-I,ESS_MEDS,07F04,1
CSRUR-I,ESS_MEDS,07G01,1
CSRUR-I,ESS_MEDS,07G02,1
CSRUR-I,ESS_MEDS,07G03,1
CSRUR-I,ESS_MEDS,07G04,1
CSRUR-I,ESS_MEDS,07G05,1
CSRUR-I,ESS_MEDS,07G06,1
CSRUR-I,ESS_MEDS,07G06Z,1
CSRUR-I,ESS_MEDS,07G07,1
CSRUR-I,ESS_MEDS,07G08,1
CSRUR-I,ESS_MEDS,07G09,1
CSRUR-I,ESS_MEDS,07H01,1
CSRUR-I,ESS_MEDS,07I01,1
CSRUR-I,ESS_MEDS,07I02,1
CSRUR-I,ESS_MEDS,07I03,1
CSRUR-I,ESS_MEDS,07I04,1
CSRUR-I,ESS_MEDS,07I05,1
CSRUR-I,ESS_MEDS,07I06,1
CSRUR-I,ESS_MEDS,07I06Z,1
CSRUR-I,ESS_MEDS,07I07,1
CSRUR-I,ESS_MEDS,07I08,1
CSRUR-I,ESS_MEDS,07I09,1
CSRUR-I,ESS_MEDS,07I10,1
CSRUR-I,ESS_MEDS,07I11,1
CSRUR-I,ESS_MEDS,07J01,1
CSRUR-I,ESS_MEDS,07J02,1
CSRUR-I,ESS_MEDS,07J03,1
CSRUR-I,ESS_MEDS,07J03Y,1
CSRUR-I,ESS_MEDS,07J04,1
CSRUR-I,ESS_MEDS,07J05,1
CSRUR-I,ESS_MEDS,07J05Z,1
CSRUR-I,ESS_MEDS,07J06,1
CSRUR-I,ESS_MEDS,07J07,1
CSRUR-I,ESS_MEDS,07J08,1
CSRUR-I,ESS_MEDS,07J09,1
CSRUR-I,ESS_MEDS,07J09Z,1
CSRUR-I,ESS_MEDS,07J10,1
CSRUR-I,ESS_MEDS,07J11,1
CSRUR-I,ESS_MEDS,07J12,1
CSRUR-I,ESS_MEDS,07J13,1
CSRUR-I,ESS_MEDS,07J14,1
CSRUR-I,ESS_MEDS,07J15,1
CSRUR-I,ESS_MEDS,07J16,1
CSRUR-I,ESS_MEDS,07L01,1
CSRUR-I,ESS_MEDS,07L02,1
CSRUR-I,ESS_MEDS,07L03,1
CSRUR-I,ESS_MEDS,07L03Z,1
CSRUR-I,ESS_MEDS,07L04,1
CSRUR-I,ESS_MEDS,080ZY,1
CSRUR-I,ESS_MEDS,08A01,1
CSRUR-I,ESS_MEDS,08A01Z,1
CSRUR-I,ESS_MEDS,08A02,1
CSRUR-I,ESS_MEDS,08A02Z,1
CSRUR-I,ESS_MEDS,08A03,1
CSRUR-I,ESS_MEDS,08A04,1
CSRUR-I,ESS_MEDS,08A05,1
CSRUR-I,ESS_MEDS,08A05Z,1
CSRUR-I,ESS_MEDS,08A06,1
CSRUR-I,ESS_MEDS,08A06Y,1
CSRUR-I,ESS_MEDS,08A07,1
CSRUR-I,ESS_MEDS,08A07Z,1
CSRUR-I,ESS_MEDS,08A08,1
CSRUR-I,ESS_MEDS,08A08Z,1
CSRUR-I,ESS_MEDS,08A09,1
CSRUR-I,ESS_MEDS,08A0WZ,1
CSRUR-I,ESS_MEDS,08A0XY,1
CSRUR-I,ESS_MEDS,08A0YZ,1
CSRUR-I,ESS_MEDS,08A0ZW,1
CSRUR-I,ESS_MEDS,08A0ZX,1
CSRUR-I,ESS_MEDS,08A0ZY,1
CSRUR-I,ESS_MEDS,08A0ZZ,1
CSRUR-I,ESS_MEDS,08A10,1
CSRUR-I,ESS_MEDS,08A10Z,1
CSRUR-I,ESS_MEDS,08A11,1
CSRUR-I,ESS_MEDS,08A11Z,1
CSRUR-I,ESS_MEDS,08A12,1
CSRUR-I,ESS_MEDS,08A13,1
CSRUR-I,ESS_MEDS,08A14,1
CSRUR-I,ESS_MEDS,08A15,1
CSRUR-I,ESS_MEDS,08A15Z,1
CSRUR-I,ESS_MEDS,08A16,1
CSRUR-I,ESS_MEDS,08B01,1
CSRUR-I,ESS_MEDS,08B02,1
CSRUR-I,ESS_MEDS,08B03,1
CSRUR-I,ESS_MEDS,08B04,1
CSRUR-I,ESS_MEDS,08B04Z,1
CSRUR-I,ESS_MEDS,08B05,1
CSRUR-I,ESS_MEDS,08B06,1
CSRUR-I,ESS_MEDS,08B06Y,1
CSRUR-I,ESS_MEDS,08B06Z,1
CSRUR-I,ESS_MEDS,08B07,1
CSRUR-I,ESS_MEDS,08B08,1
CSRUR-I,ESS_MEDS,08B0WZ,1
CSRUR-I,ESS_MEDS,08B0YZ,1
CSRUR-I,ESS_MEDS,08C01,1
CSRUR-I,ESS_MEDS,08D01,1
CSRUR-I,ESS_MEDS,08D02,1
CSRUR-I,ESS_MEDS,08D03,1
CSRUR-I,ESS_MEDS,08D04,1
CSRUR-I,ESS_MEDS,08D05,1
CSRUR-I,ESS_MEDS,08D05X,1
CSRUR-I,ESS_MEDS,08D05Y,1
CSRUR-I,ESS_MEDS,08D05Z,1
CSRUR-I,ESS_MEDS,08D06,1
CSRUR-I,ESS_MEDS,08D06Z,1
CSRUR-I,ESS_MEDS,08D0X,1
CSRUR-I,ESS_MEDS,08D0ZZ,1
CSRUR-I,ESS_MEDS,08E01,1
CSRUR-I,ESS_MEDS,08E01Z,1
CSRUR-I,ESS_MEDS,08E02,1
CSRUR-I,ESS_MEDS,08E03,1
CSRUR-I,ESS_MEDS,08F01,1
CSRUR-I,ESS_MEDS,08F02,1
CSRUR-I,ESS_MEDS,08F03,1
CSRUR-I,ESS_MEDS,08F04,1
CSRUR-I,ESS_MEDS,08F05,1
CSRUR-I,ESS_MEDS,08F06,1
CSRUR-I,ESS_MEDS,08F07,1
CSRUR-I,ESS_MEDS,08F07Y,1
CSRUR-I,ESS_MEDS,08F07Z,1
CSRUR-I,ESS_MEDS,08F08,1
CSRUR-I,ESS_MEDS,08F08Z,1
CSRUR-I,ESS_MEDS,08G01,1
CSRUR-I,ESS_MEDS,08G01Z,1
CSRUR-I,ESS_MEDS,08G02,1
CSRUR-I,ESS_MEDS,08G03,1
CSRUR-I,ESS_MEDS,08G03Z,1
CSRUR-I,ESS_MEDS,08H01,1
CSRUR-I,ESS_MEDS,08H01Z,1
CSRUR-I,ESS_MEDS,08H02,1
CSRUR-I,ESS_MEDS,08H03,1
CSRUR-I,ESS_MEDS,08H03Z,1
CSRUR-I,ESS_MEDS,08H04,1
CSRUR-I,ESS_MEDS,08H05,1
CSRUR-I,ESS_MEDS,08H06,1
CSRUR-I,ESS_MEDS,08H06Z,1
CSRUR-I,ESS_MEDS,08H07,1
CSRUR-I,ESS_MEDS,08H07Z,1
CSRUR-I,ESS_MEDS,08I01,1
CSRUR-I,ESS_MEDS,08I02,1
CSRUR-I,ESS_MEDS,08I03,1
CSRUR-I,ESS_MEDS,08J01,1
CSRUR-I,ESS_MEDS,08J02,1
CSRUR-I,ESS_MEDS,08K01,1
CSRUR-I,ESS_MEDS,08K01Z,1
CSRUR-I,ESS_MEDS,08K02,1
CSRUR-I,ESS_MEDS,08K02Y,1
CSRUR-I,ESS_MEDS,08K02Z,1
CSRUR-I,ESS_MEDS,08K03,1
CSRUR-I,ESS_MEDS,08K03Z,1
CSRUR-I,ESS_MEDS,08K04,1
CSRUR-I,ESS_MEDS,08K04X,1
CSRUR-I,ESS_MEDS,08K05,1
CSRUR-I,ESS_MEDS,08K06,1
CSRUR-I,ESS_MEDS,08K07,1
CSRUR-I,ESS_MEDS,08K08,1
CSRUR-I,ESS_MEDS,08K09,1
CSRUR-I,ESS_MEDS,08L01,1
CSRUR-I,ESS_MEDS,08L02,1
CSRUR-I,ESS_MEDS,08L02X,1
CSRUR-I,ESS_MEDS,08L02Y,1
CSRUR-I,ESS_MEDS,08L02Z,1
CSRUR-I,ESS_MEDS,08L03,1
CSRUR-I,ESS_MEDS,08L04,1
CSRUR-I,ESS_MEDS,08L04Y,1
CSRUR-I,ESS_MEDS,08L04Z,1
CSRUR-I,ESS_MEDS,08L05,1
CSRUR-I,ESS_MEDS,08L05Z,1
CSRUR-I,ESS_MEDS,08L06,1
CSRUR-I,ESS_MEDS,08L07,1
CSRUR-I,ESS_MEDS,08L07X,1
CSRUR-I,ESS_MEDS,08L07Y,1
CSRUR-I,ESS_MEDS,08L07Z,1
CSRUR-I,ESS_MEDS,08L08,1
CSRUR-I,ESS_MEDS,08L09,1
CSRUR-I,ESS_MEDS,08L0XZ,1
CSRUR-I,ESS_MEDS,08L0YZ,1
CSRUR-I,ESS_MEDS,08L0ZZ,1
CSRUR-I,ESS_MEDS,08L10,1
CSRUR-I,ESS_MEDS,08L10X,1
CSRUR-I,ESS_MEDS,08L11,1
CSRUR-I,ESS_MEDS,08L12,1
CSRUR-I,ESS_MEDS,08L12X,1
CSRUR-I,ESS_MEDS,08M01,1
CSRUR-I,ESS_MEDS,08M02,1
CSRUR-I,ESS_MEDS,08M03,1
CSRUR-I,ESS_MEDS,08M04,1
CSRUR-I,ESS_MEDS,08M05,1
CSRUR-I,ESS_MEDS,08M06,1
CSRUR-I,ESS_MEDS,08M0XX,1
CSRUR-I,ESS_MEDS,08M0XZ,1
CSRUR-I,ESS_MEDS,08M0ZY,1
CSRUR-I,ESS_MEDS,08M0ZZ,1
CSRUR-I,ESS_MEDS,08M6ZZ,1
CSRUR-I,ESS_MEDS,08N01,1
CSRUR-I,ESS_MEDS,08N01Z,1
CSRUR-I,ESS_MEDS,08N02,1
CSRUR-I,ESS_MEDS,08N03,1
CSRUR-I,ESS_MEDS,08N03Z,1
CSRUR-I,ESS_MEDS,08N04,1
CSRUR-I,ESS_MEDS,08N04Z,1
CSRUR-I,ESS_MEDS,08N05,1
CSRUR-I,ESS_MEDS,08N06,1
CSRUR-I,ESS_MEDS,08N07,1
CSRUR-I,ESS_MEDS,08N0YZ,1
CSRUR-I,ESS_MEDS,08N0ZZ,1
CSRUR-I,ESS_MEDS,08O01,1
CSRUR-I,ESS_MEDS,08O02,1
CSRUR-I,ESS_MEDS,08O03,1
CSRUR-I,ESS_MEDS,08O04,1
CSRUR-I,ESS_MEDS,08O05,1
CSRUR-I,ESS_MEDS,08O05X,1
CSRUR-I,ESS_MEDS,08O05Y,1
CSRUR-I,ESS_MEDS,08O05Z,1
CSRUR-I,ESS_MEDS,08O06,1
CSRUR-I,ESS_MEDS,08O07,1
CSRUR-I,ESS_MEDS,08O07Y,1
CSRUR-I,ESS_MEDS,08O07Z,1
CSRUR-I,ESS_MEDS,08O08,1
CSRUR-I,ESS_MEDS,08O09,1
CSRUR-I,ESS_MEDS,08O0XZ,1
CSRUR-I,ESS_MEDS,08O0YZ,1
CSRUR-I,ESS_MEDS,08O0ZY,1
CSRUR-I,ESS_MEDS,08O0ZZ,1
CSRUR-I,ESS_MEDS,08O10,1
CSRUR-I,ESS_MEDS,08O11,1
CSRUR-I,ESS_MEDS,08O11Z,1
CSRUR-I,ESS_MEDS,08O12,1
CSRUR-I,ESS_MEDS,08O13,1
CSRUR-I,ESS_MEDS,08O14,1
CSRUR-I,ESS_MEDS,08O15,1
CSRUR-I,ESS_MEDS,08O15X,1
CSRUR-I,ESS_MEDS,08O15Y,1
CSRUR-I,ESS_MEDS,08O15Z,1
CSRUR-I,ESS_MEDS,08O16,1
CSRUR-I,ESS_MEDS,08O17,1
CSRUR-I,ESS_MEDS,08O18,1
CSRUR-I,ESS_MEDS,08P01,1
CSRUR-I,ESS_MEDS,08P02,1
CSRUR-I,ESS_MEDS,08Q01,1
CSRUR-I,ESS_MEDS,08Q02,1
CSRUR-I,ESS_MEDS,08Q03,1
CSRUR-I,ESS_MEDS,08Q04,1
CSRUR-I,ESS_MEDS,08Q05,1
CSRUR-I,ESS_MEDS,08Q05Z,1
CSRUR-I,ESS_MEDS,08Q06,1
CSRUR-I,ESS_MEDS,08Q06Z,1
CSRUR-I,ESS_MEDS,08Q07,1
CSRUR-I,ESS_MEDS,08Q0ZX,1
CSRUR-I,ESS_MEDS,08Q0ZZ,1
CSRUR-I,ESS_MEDS,08R01,1
CSRUR-I,ESS_MEDS,08R01Z,1
CSRUR-I,ESS_MEDS,08R02,1
CSRUR-I,ESS_MEDS,08R02Z,1
CSRUR-I,ESS_MEDS,08R03,1
CSRUR-I,ESS_MEDS,08R04,1
CSRUR-I,ESS_MEDS,08R05,1
CSRUR-I,ESS_MEDS,08R0X,1
CSRUR-I,ESS_MEDS,08R0YZ,1
CSRUR-I,ESS_MEDS,08R0Z,1
CSRUR-I,ESS_MEDS,08R0ZZ,1
CSRUR-I,ESS_MEDS,08S01Z,1
CSRUR-I,ESS_MEDS,08S01ZY,1
CSRUR-I,ESS_MEDS,08S02,1
CSRUR-I,ESS_MEDS,08S02Z,1
CSRUR-I,ESS_MEDS,08S03,1
CSRUR-I,ESS_MEDS,08S03Z,1
CSRUR-I,ESS_MEDS,08S04,1
CSRUR-I,ESS_MEDS,08S05,1
CSRUR-I,ESS_MEDS,08S06,1
CSRUR-I,ESS_MEDS,08S07,1
CSRUR-I,ESS_MEDS,08S08,1
CSRUR-I,ESS_MEDS,08S09,1
CSRUR-I,ESS_MEDS,08S10,1
CSRUR-I,ESS_MEDS,08S10Y,1
CSRUR-I,ESS_MEDS,08S10Z,1
CSRUR-I,ESS_MEDS,08S11,1
CSRUR-I,ESS_MEDS,08S12,1
CSRUR-I,ESS_MEDS,08S14,1
CSRUR-I,ESS_MEDS,08S16,1
CSRUR-I,ESS_MEDS,08S17Y,1
CSRUR-I,ESS_MEDS,08S17Z,1
CSRUR-I,ESS_MEDS,08S18,1
CSRUR-I,ESS_MEDS,08S23Z,1
CSRUR-I,ESS_MEDS,08S24,1
CSRUR-I,ESS_MEDS,08S25,1
CSRUR-I,ESS_MEDS,08S26,1
CSRUR-I,ESS_MEDS,08S29,1
CSRUR-I,ESS_MEDS,08S30,1
CSRUR-I,ESS_MEDS,08S30W,1
CSRUR-I,ESS_MEDS,08S30X,1
CSRUR-I,ESS_MEDS,08S30Y,1
CSRUR-I,ESS_MEDS,08S30Z,1
CSRUR-I,ESS_MEDS,08S30ZZ,1
CSRUR-I,ESS_MEDS,08S31,1
CSRUR-I,ESS_MEDS,08S33,1
CSRUR-I,ESS_MEDS,08S36,1
CSRUR-I,ESS_MEDS,08S37,1
CSRUR-I,ESS_MEDS,08S39,1
CSRUR-I,ESS_MEDS,08S41,1
CSRUR-I,ESS_MEDS,09A01,1
CSRUR-I,ESS_MEDS,09A02,1
CSRUR-I,ESS_MEDS,09A03,1
CSRUR-I,ESS_MEDS,09A03Z,1
CSRUR-I,ESS_MEDS,09A04,1
CSRUR-I,ESS_MEDS,09A05,1
CSRUR-I,ESS_MEDS,09A06,1
CSRUR-I,ESS_MEDS,09A07,1
CSRUR-I,ESS_MEDS,09A08,1
CSRUR-I,ESS_MEDS,09A09,1
CSRUR-I,ESS_MEDS,09B01,1
CSRUR-I,ESS_MEDS,09B01Z,1
CSRUR-I,ESS_MEDS,09B02,1
CSRUR-I,ESS_MEDS,09B03,1
CSRUR-I,ESS_MEDS,09B04,1
CSRUR-I,ESS_MEDS,09B05,1
CSRUR-I,ESS_MEDS,09B06,1
CSRUR-I,ESS_MEDS,09C01,1
CSRUR-I,ESS_MEDS,09C02,1
CSRUR-I,ESS_MEDS,09C03,1
CSRUR-I,ESS_MEDS,09C03Z,1
CSRUR-I,ESS_MEDS,09C04,1
CSRUR-I,ESS_MEDS,09C05,1
CSRUR-I,ESS_MEDS,09C06,1
CSRUR-I,ESS_MEDS,09C07,1
CSRUR-I,ESS_MEDS,09C08,1
CSRUR-I,ESS_MEDS,09C08Z,1
CSRUR-I,ESS_MEDS,09C09,1
CSRUR-I,ESS_MEDS,09D01,1
CSRUR-I,ESS_MEDS,09D01Z,1
CSRUR-I,ESS_MEDS,09D02,1
CSRUR-I,ESS_MEDS,09D03,1
CSRUR-I,ESS_MEDS,09D04,1
CSRUR-I,ESS_MEDS,09D04Z,1
CSRUR-I,ESS_MEDS,09D05,1
CSRUR-I,ESS_MEDS,09E01,1
CSRUR-I,ESS_MEDS,09E02,1
CSRUR-I,ESS_MEDS,09E03,1
CSRUR-I,ESS_MEDS,09E04,1
CSRUR-I,ESS_MEDS,09E05,1
CSRUR-I,ESS_MEDS,09E06,1
CSRUR-I,ESS_MEDS,09E06Z,1
CSRUR-I,ESS_MEDS,09E07,1
CSRUR-I,ESS_MEDS,09E08,1
CSRUR-I,ESS_MEDS,09E09,1
CSRUR-I,ESS_MEDS,09E10,1
CSRUR-I,ESS_MEDS,09E11,1
CSRUR-I,ESS_MEDS,09E12,1
CSRUR-I,ESS_MEDS,09E13,1
CSRUR-I,ESS_MEDS,09F01,1
CSRUR-I,ESS_MEDS,09F01Z,1
CSRUR-I,ESS_MEDS,09F02,1
CSRUR-I,ESS_MEDS,09F03,1
CSRUR-I,ESS_MEDS,09F03Z,1
CSRUR-I,ESS_MEDS,09F04,1
CSRUR-I,ESS_MEDS,09G01,1
CSRUR-I,ESS_MEDS,09G02,1
CSRUR-I,ESS_MEDS,09G03,1
CSRUR-I,ESS_MEDS,09G04,1
CSRUR-I,ESS_MEDS,09G05,1
CSRUR-I,ESS_MEDS,09H01,1
CSRUR-I,ESS_MEDS,09H02,1
CSRUR-I,ESS_MEDS,09H03,1
CSRUR-I,ESS_MEDS,09H04,1
CSRUR-I,ESS_MEDS,09H04Z,1
CSRUR-I,ESS_MEDS,10A01,1
CSRUR-I,ESS_MEDS,10A02,1
CSRUR-I,ESS_MEDS,10A03,1
CSRUR-I,ESS_MEDS,10A04,1
CSRUR-I,ESS_MEDS,10A04Z,1
CSRUR-I,ESS_MEDS,10A05,1
CSRUR-I,ESS_MEDS,10A06,1
CSRUR-I,ESS_MEDS,10A06Z,1
CSRUR-I,ESS_MEDS,10A07,1
CSRUR-I,ESS_MEDS,10A08,1
CSRUR-I,ESS_MEDS,10A08Z,1
CSRUR-I,ESS_MEDS,10A0XZ,1
CSRUR-I,ESS_MEDS,10A0ZZ,1
CSRUR-I,ESS_MEDS,1122,1
CSRUR-I,ESS_MEDS,11A01,1
CSRUR-I,ESS_MEDS,11A01Z,1
CSRUR-I,ESS_MEDS,11A02,1
CSRUR-I,ESS_MEDS,11A03,1
CSRUR-I,ESS_MEDS,11A03Z,1
CSRUR-I,ESS_MEDS,11A04,1
CSRUR-I,ESS_MEDS,11A05,1
CSRUR-I,ESS_MEDS,11A06,1
CSRUR-I,ESS_MEDS,11A07,1
CSRUR-I,ESS_MEDS,11A08,1
CSRUR-I,ESS_MEDS,11A09,1
CSRUR-I,ESS_MEDS,11A0VY,1
CSRUR-I,ESS_MEDS,11A0XX,1
CSRUR-I,ESS_MEDS,11A0XZ,1
CSRUR-I,ESS_MEDS,11A10,1
CSRUR-I,ESS_MEDS,11A11,1
CSRUR-I,ESS_MEDS,11A12,1
CSRUR-I,ESS_MEDS,11A13,1
CSRUR-I,ESS_MEDS,11A14,1
CSRUR-I,ESS_MEDS,11A15,1
CSRUR-I,ESS_MEDS,11A16,1
CSRUR-I,ESS_MEDS,11A17,1
CSRUR-I,ESS_MEDS,11A17Z,1
CSRUR-I,ESS_MEDS,11A18,1
CSRUR-I,ESS_MEDS,11A19,1
CSRUR-I,ESS_MEDS,11A1X,1
CSRUR-I,ESS_MEDS,11A1Y,1
CSRUR-I,ESS_MEDS,11A20,1
CSRUR-I,ESS_MEDS,11A21,1
CSRUR-I,ESS_MEDS,11A22,1
CSRUR-I,ESS_MEDS,11A23,1
CSRUR-I,ESS_MEDS,11A24,1
CSRUR-I,ESS_MEDS,11A25,1
CSRUR-I,ESS_MEDS,11A26,1
CSRUR-I,ESS_MEDS,12A01,1
CSRUR-I,ESS_MEDS,12A02,1
CSRUR-I,ESS_MEDS,12A03,1
CSRUR-I,ESS_MEDS,12A04,1
CSRUR-I,ESS_MEDS,12A05,1
CSRUR-I,ESS_MEDS,12A05Z,1
CSRUR-I,ESS_MEDS,12A06,1
CSRUR-I,ESS_MEDS,12A07,1
CSRUR-I,ESS_MEDS,12A08,1
CSRUR-I,ESS_MEDS,12A09,1
CSRUR-I,ESS_MEDS,12A09X,1
CSRUR-I,ESS_MEDS,12A0XX,1
CSRUR-I,ESS_MEDS,12A0ZW,1
CSRUR-I,ESS_MEDS,12A0ZX,1
CSRUR-I,ESS_MEDS,12A0ZY,1
CSRUR-I,ESS_MEDS,12A0ZZ,1
CSRUR-I,ESS_MEDS,12A10,1
CSRUR-I,ESS_MEDS,12A11,1
CSRUR-I,ESS_MEDS,12A12,1
CSRUR-I,ESS_MEDS,12A13,1
CSRUR-I,ESS_MEDS,12A14,1
CSRUR-I,ESS_MEDS,12B01,1
CSRUR-I,ESS_MEDS,12B02,1
CSRUR-I,ESS_MEDS,12B03,1
CSRUR-I,ESS_MEDS,12B03Y,1
CSRUR-I,ESS_MEDS,12B04,1
CSRUR-I,ESS_MEDS,12B04Z,1
CSRUR-I,ESS_MEDS,12B05,1
CSRUR-I,ESS_MEDS,12B06,1
CSRUR-I,ESS_MEDS,12B07,1
CSRUR-I,ESS_MEDS,12B08,1
CSRUR-I,ESS_MEDS,12B08Z,1
CSRUR-I,ESS_MEDS,12B09,1
CSRUR-I,ESS_MEDS,12B0XZ,1
CSRUR-I,ESS_MEDS,12B10,1
CSRUR-I,ESS_MEDS,12B10Y,1
CSRUR-I,ESS_MEDS,12B10Z,1
CSRUR-I,ESS_MEDS,12C02,1
CSRUR-I,ESS_MEDS,12C03,1
CSRUR-I,ESS_MEDS,12C04,1
CSRUR-I,ESS_MEDS,12C0ZZ,1
CSRUR-I,ESS_MEDS,12D01,1
CSRUR-I,ESS_MEDS,12D02,1
CSRUR-I,ESS_MEDS,12D02Z,1
CSRUR-I,ESS_MEDS,12D03,1
CSRUR-I,ESS_MEDS,12D03Z,1
CSRUR-I,ESS_MEDS,12D04,1
CSRUR-I,ESS_MEDS,12D05,1
CSRUR-I,ESS_MEDS,12D06,1
CSRUR-I,ESS_MEDS,12D06Z,1
CSRUR-I,ESS_MEDS,12D07,1
CSRUR-I,ESS_MEDS,12D08,1
CSRUR-I,ESS_MEDS,12D08Z,1
CSRUR-I,ESS_MEDS,12D09,1
CSRUR-I,ESS_MEDS,12D09Z,1
CSRUR-I,ESS_MEDS,12D0XZ,1
CSRUR-I,ESS_MEDS,12D10,1
CSRUR-I,ESS_MEDS,12D11,1
CSRUR-I,ESS_MEDS,12D12,1
CSRUR-I,ESS_MEDS,12D13,1
CSRUR-I,ESS_MEDS,12D14,1
CSRUR-I,ESS_MEDS,12D14Z,1
CSRUR-I,ESS_MEDS,12D15,1
CSRUR-I,ESS_MEDS,12D16,1
CSRUR-I,ESS_MEDS,12D17,1
CSRUR-I,ESS_MEDS,13A01,1
CSRUR-I,ESS_MEDS,13A02,1
CSRUR-I,ESS_MEDS,13A03,1
CSRUR-I,ESS_MEDS,13A04,1
CSRUR-I,ESS_MEDS,13A04Z,1
CSRUR-I,ESS_MEDS,13A05,1
CSRUR-I,ESS_MEDS,13A06,1
CSRUR-I,ESS_MEDS,13A07,1
CSRUR-I,ESS_MEDS,13A08,1
CSRUR-I,ESS_MEDS,13A08Z,1
CSRUR-I,ESS_MEDS,13A09,1
CSRUR-I,ESS_MEDS,13A0XY,1
CSRUR-I,ESS_MEDS,13A0XZ,1
CSRUR-I,ESS_MEDS,13A10,1
CSRUR-I,ESS_MEDS,13A10Z,1
CSRUR-I,ESS_MEDS,14A01,1
CSRUR-I,ESS_MEDS,14A01Z,1
CSRUR-I,ESS_MEDS,14A02,1
CSRUR-I,ESS_MEDS,14A03,1
CSRUR-I,ESS_MEDS,14A03Z,1
CSRUR-I,ESS_MEDS,14A04,1
CSRUR-I,ESS_MEDS,14A05,1
CSRUR-I,ESS_MEDS,14A06,1
CSRUR-I,ESS_MEDS,14A07,1
CSRUR-I,ESS_MEDS,14A08,1
CSRUR-I,ESS_MEDS,14A0Z,1
CSRUR-I,ESS_MEDS,14A0ZZ,1
CSRUR-I,ESS_MEDS,14B01,1
CSRUR-I,ESS_MEDS,14B02,1
CSRUR-I,ESS_MEDS,14B0ZZ,1
CSRUR-I,ESS_MEDS,14C01,1
CSRUR-I,ESS_MEDS,14D01,1
CSRUR-I,ESS_MEDS,14E01,1
CSRUR-I,ESS_MEDS,14E02,1
CSRUR-I,ESS_MEDS,14E03,1
CSRUR-I,ESS_MEDS,14E04,1
CSRUR-I,ESS_MEDS,15A01,1
CSRUR-I,ESS_MEDS,15A02,1
CSRUR-I,ESS_MEDS,15A03,1
CSRUR-I,ESS_MEDS,15A03Z,1
CSRUR-I,ESS_MEDS,15A04,1
CSRUR-I,ESS_MEDS,15A05,1
CSRUR-I,ESS_MEDS,15A06,1
CSRUR-I,ESS_MEDS,15A07,1
CSRUR-I,ESS_MEDS,15A08,1
CSRUR-I,ESS_MEDS,15A09,1
CSRUR-I,ESS_MEDS,15A0Z,1
CSRUR-I,ESS_MEDS,15A0ZY,1
CSRUR-I,ESS_MEDS,15A10,1
CSRUR-I,ESS_MEDS,15A11,1
CSRUR-I,ESS_MEDS,15A12,1
CSRUR-I,ESS_MEDS,15A13,1
CSRUR-I,ESS_MEDS,15A14,1
CSRUR-I,ESS_MEDS,15B01,1
CSRUR-I,ESS_MEDS,15B01Z,1
CSRUR-I,ESS_MEDS,15B02,1
CSRUR-I,ESS_MEDS,15B03,1
CSRUR-I,ESS_MEDS,15B03Z,1
CSRUR-I,ESS_MEDS,15B04,1
CSRUR-I,ESS_MEDS,15B05,1
CSRUR-I,ESS_MEDS,15B06,1
CSRUR-I,ESS_MEDS,15B07,1
CSRUR-I,ESS_MEDS,15B08,1
CSRUR-I,ESS_MEDS,15B09,1
CSRUR-I,ESS_MEDS,15B0XZ,1
CSRUR-I,ESS_MEDS,15B0Z,1
CSRUR-I,ESS_MEDS,15B0ZY,1
CSRUR-I,ESS_MEDS,15B10,1
CSRUR-I,ESS_MEDS,15B10Z,1
CSRUR-I,ESS_MEDS,15B11,1
CSRUR-I,ESS_MEDS,15B12,1
CSRUR-I,ESS_MEDS,15B13,1
CSRUR-I,ESS_MEDS,15B14,1
CSRUR-I,ESS_MEDS,15B15,1
CSRUR-I,ESS_MEDS,15B16,1
CSRUR-I,ESS_MEDS,15B17,1
CSRUR-I,ESS_MEDS,15B18,1
CSRUR-I,ESS_MEDS,15B19,1
CSRUR-I,ESS_MEDS,15B20,1
CSRUR-I,ESS_MEDS,15B21,1
CSRUR-I,ESS_MEDS,15B22,1
CSRUR-I,ESS_MEDS,15B22Z,1
CSRUR-I,ESS_MEDS,15C01,1
CSRUR-I,ESS_MEDS,15C02,1
CSRUR-I,ESS_MEDS,15C03,1
CSRUR-I,ESS_MEDS,15C03Z,1
CSRUR-I,ESS_MEDS,15C04,1
CSRUR-I,ESS_MEDS,15C05,1
CSRUR-I,ESS_MEDS,15C06,1
CSRUR-I,ESS_MEDS,15C06Z,1
CSRUR-I,ESS_MEDS,15C07,1
CSRUR-I,ESS_MEDS,15C08,1
CSRUR-I,ESS_MEDS,15C09,1
CSRUR-I,ESS_MEDS,15C0ZX,1
CSRUR-I,ESS_MEDS,15C10,1
CSRUR-I,ESS_MEDS,15C11,1
CSRUR-I,ESS_MEDS,15C12,1
CSRUR-I,ESS_MEDS,15C13,1
CSRUR-I,ESS_MEDS,15C13Z,1
CSRUR-I,ESS_MEDS,15C14,1
CSRUR-I,ESS_MEDS,15C15,1
CSRUR-I,ESS_MEDS,15C15Z,1
CSRUR-I,ESS_MEDS,15C16,1
CSRUR-I,ESS_MEDS,15C17,1
CSRUR-I,ESS_MEDS,15C18,1
CSRUR-I,ESS_MEDS,15C19,1
CSRUR-I,ESS_MEDS,15C20,1
CSRUR-I,ESS_MEDS,15C21,1
CSRUR-I,ESS_MEDS,15C22,1
CSRUR-I,ESS_MEDS,15C23,1
CSRUR-I,ESS_MEDS,15C24,1
CSRUR-I,ESS_MEDS,15C25,1
CSRUR-I,ESS_MEDS,15C26,1
CSRUR-I,ESS_MEDS,15C27,1
CSRUR-I,ESS_MEDS,15D01,1
CSRUR-I,ESS_MEDS,15D02,1
CSRUR-I,ESS_MEDS,15D03,1
CSRUR-I,ESS_MEDS,15D04,1
CSRUR-I,ESS_MEDS,15D05,1
CSRUR-I,ESS_MEDS,15D06,1
CSRUR-I,ESS_MEDS,15D07,1
CSRUR-I,ESS_MEDS,15D08,1
CSRUR-I,ESS_MEDS,15D08Z,1
CSRUR-I,ESS_MEDS,15D0YZ,1
CSRUR-I,ESS_MEDS,15D0ZW,1
CSRUR-I,ESS_MEDS,15D0ZX,1
CSRUR-I,ESS_MEDS,15D0ZY,1
CSRUR-I,ESS_MEDS,15E01,1
CSRUR-I,ESS_MEDS,15E02,1
CSRUR-I,ESS_MEDS,15E03,1
CSRUR-I,ESS_MEDS,15E04,1
CSRUR-I,ESS_MEDS,15E05,1
CSRUR-I,ESS_MEDS,15E0Z,1
CSRUR-I,ESS_MEDS,15F02,1
CSRUR-I,ESS_MEDS,15F03,1
CSRUR-I,ESS_MEDS,15F04,1
CSRUR-I,ESS_MEDS,15F05,1
CSRUR-I,ESS_MEDS,15G01,1
CSRUR-I,ESS_MEDS,15G01Z,1
CSRUR-I,ESS_MEDS,15G02,1
CSRUR-I,ESS_MEDS,15G0ZZ,1
CSRUR-I,ESS_MEDS,15H01,1
CSRUR-I,ESS_MEDS,15I01,1
CSRUR-I,ESS_MEDS,15J01,1
CSRUR-I,ESS_MEDS,15K01,1
CSRUR-I,ESS_MEDS,15K01Z,1
CSRUR-I,ESS_MEDS,15L01,1
CSRUR-I,ESS_MEDS,15L02,1
CSRUR-I,ESS_MEDS,16A01,1
CSRUR-I,ESS_MEDS,16A02,1
CSRUR-I,ESS_MEDS,16A03,1
CSRUR-I,ESS_MEDS,16A04,1
CSRUR-I,ESS_MEDS,16A05,1
CSRUR-I,ESS_MEDS,16A06,1
CSRUR-I,ESS_MEDS,16A07,1
CSRUR-I,ESS_MEDS,16C01,1
CSRUR-I,ESS_MEDS,16C02,1
CSRUR-I,ESS_MEDS,16C03,1
CSRUR-I,ESS_MEDS,16C04,1
CSRUR-I,ESS_MEDS,16C05,1
CSRUR-I,ESS_MEDS,16C06,1
CSRUR-I,ESS_MEDS,16C07,1
CSRUR-I,ESS_MEDS,16C08,1
CSRUR-I,ESS_MEDS,16D01,1
CSRUR-I,ESS_MEDS,16D02,1
CSRUR-I,ESS_MEDS,16D03,1
CSRUR-I,ESS_MEDS,16D04,1
CSRUR-I,ESS_MEDS,17A01,1
CSRUR-I,ESS_MEDS,17A02,1
CSRUR-I,ESS_MEDS,17A03,1
CSRUR-I,ESS_MEDS,17A04,1
CSRUR-I,ESS_MEDS,17A04Z,1
CSRUR-I,ESS_MEDS,17A05,1
CSRUR-I,ESS_MEDS,17A06,1
CSRUR-I,ESS_MEDS,17A07,1
CSRUR-I,ESS_MEDS,17B01,1
CSRUR-I,ESS_MEDS,17B01Z,1
CSRUR-I,ESS_MEDS,17B02,1
CSRUR-I,ESS_MEDS,17B03,1
CSRUR-I,ESS_MEDS,17B03X,1
CSRUR-I,ESS_MEDS,17B03Z,1
CSRUR-I,ESS_MEDS,17B04,1
CSRUR-I,ESS_MEDS,17B04Z,1
CSRUR-I,ESS_MEDS,17C01,1
CSRUR-I,ESS_MEDS,17C02,1
CSRUR-I,ESS_MEDS,17C03,1
CSRUR-I,ESS_MEDS,17C04,1
CSRUR-I,ESS_MEDS,17C05,1
CSRUR-I,ESS_MEDS,17C05Z,1
CSRUR-I,ESS_MEDS,17C06,1
CSRUR-I,ESS_MEDS,17C07,1
CSRUR-I,ESS_MEDS,17C07Z,1
CSRUR-I,ESS_MEDS,17C08,1
CSRUR-I,ESS_MEDS,17C0ZZ,1
CSRUR-I,ESS_MEDS,17D01,1
CSRUR-I,ESS_MEDS,17D01Z,1
CSRUR-I,ESS_MEDS,17D02,1
CSRUR-I,ESS_MEDS,17D03,1
CSRUR-I,ESS_MEDS,17D0YZ,1
CSRUR-I,ESS_MEDS,17D0ZZ,1
CSRUR-I,ESS_MEDS,17E01,1
CSRUR-I,ESS_MEDS,17E0ZZ,1
CSRUR-I,ESS_MEDS,17F01,1
CSRUR-I,ESS_MEDS,17F02,1
CSRUR-I,ESS_MEDS,17F03,1
CSRUR-I,ESS_MEDS,17F04,1
CSRUR-I,ESS_MEDS,17F05,1
CSRUR-I,ESS_MEDS,17F06,1
CSRUR-I,ESS_MEDS,17F07,1
CSRUR-I,ESS_MEDS,17F08,1
CSRUR-I,ESS_MEDS,17F09,1
CSRUR-I,ESS_MEDS,18A01,1
CSRUR-I,ESS_MEDS,18A02,1
CSRUR-I,ESS_MEDS,18A03,1
CSRUR-I,ESS_MEDS,18A04,1
CSRUR-I,ESS_MEDS,18A05,1
CSRUR-I,ESS_MEDS,18A0ZZ,1
CSRUR-I,ESS_MEDS,18B01,1
CSRUR-I,ESS_MEDS,18B02,1
CSRUR-I,ESS_MEDS,18B02Z,1
CSRUR-I,ESS_MEDS,18B03,1
CSRUR-I,ESS_MEDS,18B04,1
CSRUR-I,ESS_MEDS,18B05,1
CSRUR-I,ESS_MEDS,18B05Z,1
CSRUR-I,ESS_MEDS,18C01,1
CSRUR-I,ESS_MEDS,18C01Z,1
CSRUR-I,ESS_MEDS,18C02,1
CSRUR-I,ESS_MEDS,18C02Y,1
CSRUR-I,ESS_MEDS,18C02Z,1
CSRUR-I,ESS_MEDS,18C03,1
CSRUR-I,ESS_MEDS,18C03Y,1
CSRUR-I,ESS_MEDS,18C03Z,1
CSRUR-I,ESS_MEDS,18C05,1
CSRUR-I,ESS_MEDS,18C06,1
CSRUR-I,ESS_MEDS,18C06Z,1
CSRUR-I,ESS_MEDS,18C07,1
CSRUR-I,ESS_MEDS,18C07B,1
CSRUR-I,ESS_MEDS,18C07Z,1
CSRUR-I,ESS_MEDS,18C08,1
CSRUR-I,ESS_MEDS,18C09,1
CSRUR-I,ESS_MEDS,18C09Z,1
CSRUR-I,ESS_MEDS,18C10,1
CSRUR-I,ESS_MEDS,18C10X,1
CSRUR-I,ESS_MEDS,18C10Z,1
CSRUR-I,ESS_MEDS,18C11,1
CSRUR-I,ESS_MEDS,18C11Y,1
CSRUR-I,ESS_MEDS,18C11Z,1
CSRUR-I,ESS_MEDS,18D01,1
CSRUR-I,ESS_MEDS,18D02,1
CSRUR-I,ESS_MEDS,18D03,1
CSRUR-I,ESS_MEDS,18D03Z,1
CSRUR-I,ESS_MEDS,18D04,1
CSRUR-I,ESS_MEDS,18E01,1
CSRUR-I,ESS_MEDS,18F01,1
CSRUR-I,ESS_MEDS,18F01Z,1
CSRUR-I,ESS_MEDS,18F02,1
CSRUR-I,ESS_MEDS,18F02X,1
CSRUR-I,ESS_MEDS,18F03,1
CSRUR-I,ESS_MEDS,18F04,1
CSRUR-I,ESS_MEDS,18F05,1
CSRUR-I,ESS_MEDS,18F0ZZ,1
CSRUR-I,ESS_MEDS,19A01,1
CSRUR-I,ESS_MEDS,19A01Y,1
CSRUR-I,ESS_MEDS,19A01Z,1
CSRUR-I,ESS_MEDS,19A02,1
CSRUR-I,ESS_MEDS,19A03,1
CSRUR-I,ESS_MEDS,19A04,1
CSRUR-I,ESS_MEDS,19A05,1
CSRUR-I,ESS_MEDS,19A06,1
CSRUR-I,ESS_MEDS,19B01,1
CSRUR-I,ESS_MEDS,19B02,1
CSRUR-I,ESS_MEDS,19B03,1
CSRUR-I,ESS_MEDS,19B04,1
CSRUR-I,ESS_MEDS,19B05,1
CSRUR-I,ESS_MEDS,19B06,1
CSRUR-I,ESS_MEDS,19B07,1
CSRUR-I,ESS_MEDS,19B08,1
CSRUR-I,ESS_MEDS,19B09,1
CSRUR-I,ESS_MEDS,19B10,1
CSRUR-I,ESS_MEDS,19B11,1
CSRUR-I,ESS_MEDS,19B12,1
CSRUR-I,ESS_MEDS,20A01,1
CSRUR-I,ESS_MEDS,20A03,1
CSRUR-I,ESS_MEDS,20A04Z,1
CSRUR-I,ESS_MEDS,20A06,1
CSRUR-I,ESS_MEDS,20A08,1
CSRUR-I,ESS_MEDS,20A08Z,1
CSRUR-I,ESS_MEDS,20A09,1
CSRUR-I,ESS_MEDS,20A09ZY,1
CSRUR-I,ESS_MEDS,20A0X,1
CSRUR-I,ESS_MEDS,20A10,1
CSRUR-I,ESS_MEDS,20A11,1
CSRUR-I,ESS_MEDS,20A11Y,1
CSRUR-I,ESS_MEDS,20A12,1
CSRUR-I,ESS_MEDS,20A14,1
CSRUR-I,ESS_MEDS,20A15,1
CSRUR-I,ESS_MEDS,20A16,1
CSRUR-I,ESS_MEDS,21A01,1
CSRUR-I,ESS_MEDS,21A02,1
CSRUR-I,ESS_MEDS,21A04,1
CSRUR-I,ESS_MEDS,21A05,1
CSRUR-I,ESS_MEDS,21A06,1
CSRUR-I,ESS_MEDS,21A07,1
CSRUR-I,ESS_MEDS,21A08,1
CSRUR-I,ESS_MEDS,21A09,1
CSRUR-I,ESS_MEDS,21A10,1
CSRUR-I,ESS_MEDS,21A11,1
CSRUR-I,ESS_MEDS,21A12,1
CSRUR-I,ESS_MEDS,21A13,1
CSRUR-I,ESS_MEDS,21A14,1
CSRUR-I,ESS_MEDS,22A01,1
CSRUR-I,ESS_MEDS,22A02,1
CSRUR-I,ESS_MEDS,22A03,1
CSRUR-I,ESS_MEDS,22A03Y,1
CSRUR-I,ESS_MEDS,22A03Z,1
CSRUR-I,ESS_MEDS,22A04,1
CSRUR-I,ESS_MEDS,22A05,1
CSRUR-I,ESS_MEDS,22A06,1
CSRUR-I,ESS_MEDS,22A07,1
CSRUR-I,ESS_MEDS,22A08,1
CSRUR-I,ESS_MEDS,22B01,1
CSRUR-I,ESS_MEDS,22B05Y,1
CSRUR-I,ESS_MEDS,22B05Z,1
CSRUR-I,ESS_MEDS,22B0YZ,1
CSRUR-I,ESS_MEDS,23A01,1
CSRUR-I,ESS_MEDS,23A02,1
CSRUR-I,ESS_MEDS,23A02Y,1
CSRUR-I,ESS_MEDS,23A02Z,1
CSRUR-I,ESS_MEDS,23A03,1
CSRUR-I,ESS_MEDS,23A04,1
CSRUR-I,ESS_MEDS,23A05,1
CSRUR-I,ESS_MEDS,23A07,1
CSRUR-I,ESS_MEDS,23A08,1
CSRUR-I,ESS_MEDS,23A09,1
CSRUR-I,ESS_MEDS,23A10,1
CSRUR-I,ESS_MEDS,23B01,1
CSRUR-I,ESS_MEDS,23B02,1
CSRUR-I,ESS_MEDS,23B03,1
CSRUR-I,ESS_MEDS,23C01,1
CSRUR-I,ESS_MEDS,23C02,1
CSRUR-I,ESS_MEDS,23C03,1
CSRUR-I,ESS_MEDS,23C04,1
CSRUR-I,ESS_MEDS,23C05,1
CSRUR-I,ESS_MEDS,23C06,1
CSRUR-I,ESS_MEDS,23D01,1
CSRUR-I,ESS_MEDS,23D02,1
CSRUR-I,ESS_MEDS,23D03,1
CSRUR-I,ESS_MEDS,23D03Z,1
CSRUR-I,ESS_MEDS,23D04,1
CSRUR-I,ESS_MEDS,23D05,1
CSRUR-I,ESS_MEDS,23D06,1
CSRUR-I,ESS_MEDS,23D07,1
CSRUR-I,ESS_MEDS,23D08,1
CSRUR-I,ESS_MEDS,23D09,1
CSRUR-I,ESS_MEDS,23D10,1
CSRUR-I,ESS_MEDS,23D11,1
CSRUR-I,ESS_MEDS,23D12,1
CSRUR-I,ESS_MEDS,23D12Z,1
CSRUR-I,ESS_MEDS,23E01,1
CSRUR-I,ESS_MEDS,23E01Z,1
CSRUR-I,ESS_MEDS,23E02,1
CSRUR-I,ESS_MEDS,23E02Z,1
CSRUR-I,ESS_MEDS,24A01,1
CSRUR-I,ESS_MEDS,24A01Z,1
CSRUR-I,ESS_MEDS,24A02,1
CSRUR-I,ESS_MEDS,24A02Z,1
CSRUR-I,ESS_MEDS,24A03,1
CSRUR-I,ESS_MEDS,24A04,1
CSRUR-I,ESS_MEDS,24A04Z,1
CSRUR-I,ESS_MEDS,24A05,1
CSRUR-I,ESS_MEDS,24A05Z,1
CSRUR-I,ESS_MEDS,24A23Z,1
CSRUR-I,ESS_MEDS,24B01,1
CSRUR-I,ESS_MEDS,24B02,1
CSRUR-I,ESS_MEDS,24B03,1
CSRUR-I,ESS_MEDS,24B03Z,1
CSRUR-I,ESS_MEDS,24B04,1
CSRUR-I,ESS_MEDS,24B05,1
CSRUR-I,ESS_MEDS,24B05Z,1
CSRUR-I,ESS_MEDS,24B06,1
CSRUR-I,ESS_MEDS,24B07,1
CSRUR-I,ESS_MEDS,24B08,1
CSRUR-I,ESS_MEDS,24B09,1
CSRUR-I,ESS_MEDS,24B10,1
CSRUR-I,ESS_MEDS,24C01,1
CSRUR-I,ESS_MEDS,24C02,1
CSRUR-I,ESS_MEDS,24D01,1
CSRUR-I,ESS_MEDS,24D02,1
CSRUR-I,ESS_MEDS,24D03,1
CSRUR-I,ESS_MEDS,24D04,1
CSRUR-I,ESS_MEDS,24D05,1
CSRUR-I,ESS_MEDS,24D06,1
CSRUR-I,ESS_MEDS,24D07,1
CSRUR-I,ESS_MEDS,25A01,1
CSRUR-I,ESS_MEDS,25A02,1
CSRUR-I,ESS_MEDS,25A03,1
CSRUR-I,ESS_MEDS,25A04,1
CSRUR-I,ESS_MEDS,25A06,1
CSRUR-I,ESS_MEDS,25A07,1
CSRUR-I,ESS_MEDS,25A08,1
CSRUR-I,ESS_MEDS,25A09,1
CSRUR-I,ESS_MEDS,25A09Y,1
CSRUR-I,ESS_MEDS,25A10,1
CSRUR-I,ESS_MEDS,25B01,1
CSRUR-I,ESS_MEDS,25B02,1
CSRUR-I,ESS_MEDS,25B02Z,1
CSRUR-I,ESS_MEDS,25B03,1
CSRUR-I,ESS_MEDS,25B04,1
CSRUR-I,ESS_MEDS,25B05,1
CSRUR-I,ESS_MEDS,25B06,1
CSRUR-I,ESS_MEDS,25B07,1
CSRUR-I,ESS_MEDS,25C01,1
CSRUR-I,ESS_MEDS,25D01,1
CSRUR-I,ESS_MEDS,25D02,1
CSRUR-I,ESS_MEDS,25D03,1
CSRUR-I,ESS_MEDS,25D04,1
CSRUR-I,ESS_MEDS,26A01,1
CSRUR-I,ESS_MEDS,26A02,1
CSRUR-I,ESS_MEDS,26A06Z,1
CSRUR-I,ESS_MEDS,26B01,1
CSRUR-I,ESS_MEDS,26B02,1
CSRUR-I,ESS_MEDS,26B03,1
CSRUR-I,ESS_MEDS,26B04,1
CSRUR-I,ESS_MEDS,26B05,1
CSRUR-I,ESS_MEDS,26B06,1
CSRUR-I,ESS_MEDS,26B07,1
CSRUR-I,ESS_MEDS,FC001,1
CSRUR-I,ESS_MEDS,FC0015,1
